episode_id,max_relative_kw_clean,max_relative_kw_ramp,max_ED_signed_clean,max_ED_signed_ramp,max_ED_positive_clean,max_ED_positive_ramp,max_delta_relative_kw,max_delta_ED_signed,max_delta_ED_positive,mean_delta_ED_signed,mean_delta_ED_positive,pct_ventanas_delta_ED_signed_positivo,pct_ventanas_delta_ED_positive_positivo,racha_max_delta_ED_signed_positivo,racha_max_delta_ED_positive_positivo,timestamp_maximo_ED,posicion_relativa_maximo_ED,n_ventanas_afectadas,hidden_energy_kwh,hidden_energy_pct,duration_min,rho_final,grupo_temporal,ramp_induced_detected,alto_impacto
ramp_lineal__0120_0.30_25,0.018663683906197548,0.01835683174431324,0.06392182821464422,0.06538117671519271,0.05264660968075779,0.05463846192400829,0.0006724279373884201,0.0021852511111710715,0.0020296821958519194,0.0012515719484562653,0.0009048614282652228,87.5,62.5,7,2,2009-01-18 00:23:00,0.8571428571428571,8,2.6353629166666668,38.2768760590656,120,0.3,C,False,True
ramp_lineal__0240_0.30_05,0.04397931322455406,0.04381004348397255,0.1052070250515485,0.10521392421999565,0.06617792976533805,0.06574346999012713,0.001255156472325325,0.005399939454572081,0.003301746203995629,0.0017661348963362723,0.0008011847054257358,70.0,70.0,5,5,2009-10-21 17:23:00,0.2222222222222222,10,3.3510348472222207,42.40027221284969,240,0.3,C,False,True
ramp_lineal__0240_0.30_12,0.01826208084821701,0.01954406313598156,0.0787345528929673,0.0787718074921863,0.061699983448951244,0.06173227562664003,0.0015385765582323074,0.00286525097826593,0.0026032368829134473,-0.0008711536702241174,-0.0010486479902052912,40.0,40.0,2,2,2009-01-28 14:23:00,0.0,10,5.157652986111112,36.044565948320376,240,0.3,D,False,True
ramp_lineal__0240_0.30_35,0.04550539702177048,0.04576852545142174,0.08986571541867189,0.09073367628666795,0.06845671036376257,0.06939807629573656,0.002349337562918663,0.007490646288897819,0.005764220898333734,0.003953510812879429,0.0027165490213677005,100.0,90.0,10,8,2009-09-09 18:23:00,0.0,10,2.9002615833333336,46.57358900105985,240,0.3,C,False,True
ramp_lineal__0240_0.30_40,0.016170265153050423,0.01658819243311882,0.07432882015069585,0.06900861361965319,0.05984734678705573,0.054861480499027185,0.001177511177957058,0.0008267533818120849,0.0007020959149954681,-0.0030593319454735564,-0.0026294332978673935,10.0,20.0,1,2,2009-01-21 14:23:00,1.0,10,3.1969856527777774,45.64579238392577,240,0.3,C,False,True
ramp_lineal__0360_0.30_00,0.014504577964544296,0.014516877941787243,0.06445911876238847,0.05578802878802512,0.05025365151624634,0.041638633075757464,0.0033633550629019737,0.0003443171450791885,0.00033081313500486417,-0.0033200658983528505,-0.0035263087371575617,8.333333333333332,16.666666666666664,1,1,2008-12-17 13:23:00,0.45454545454545453,12,3.633559481481481,32.26456016209548,360,0.3,C,False,True
ramp_lineal__0360_0.30_02,0.018044758588075638,0.01971067115664482,0.058990807053161246,0.05848697714183066,0.042871983495307506,0.04233498778010726,0.0024843011051416397,0.0018535664507419412,0.002689433382054145,-0.0009572121279874732,-0.0011093987038477966,25.0,25.0,1,2,2009-03-05 16:23:00,0.0,12,3.104948194444444,43.53076918882963,360,0.3,C,False,True
ramp_lineal__0360_0.30_08,0.021771222352981567,0.02037154883146286,0.07792624034483105,0.07269426507944736,0.06291986933856406,0.05711770385899096,0.002383447252213955,0.0008654616571694973,-0.00011519476233447928,-0.006922877468534793,-0.005562815938587837,8.333333333333332,0.0,1,0,2009-04-30 14:23:00,1.0,12,2.559431972222221,48.93002929231133,360,0.3,C,False,True
ramp_lineal__0360_0.30_11,0.016579728573560715,0.016598260030150414,0.0644138275962343,0.05942694319023093,0.05244020223910376,0.04618003045697169,0.0016619102098047733,0.0007823190453462754,0.0010759893440495487,-0.0026329432272037194,-0.002527180532470688,50.0,41.66666666666667,6,5,2009-02-21 03:23:00,1.0,12,5.545670925925924,36.76826041592231,360,0.3,C,False,True
ramp_lineal__0360_0.30_17,0.04642851650714874,0.04669194668531418,0.08021024908224351,0.08111886509853389,0.0668593284889202,0.0679071111881531,0.002065742388367653,0.0035866202116802137,0.003913080137895455,0.0003149864073324284,0.00027329442302452626,58.333333333333336,58.333333333333336,3,6,2009-09-27 18:23:00,0.09090909090909091,12,4.327525287037036,41.72274936644495,360,0.3,C,False,True
ramp_lineal__0360_0.30_24,0.021008562296628952,0.02102496102452278,0.0858713710460881,0.0664886137730269,0.06921270098118691,0.04400345542123273,0.005923897959291935,0.014310769541356703,0.019355245527147617,-0.002942215961494913,-0.004596962039351953,41.66666666666667,50.0,3,3,2009-03-16 13:23:00,0.5454545454545454,12,2.88833837962963,32.289374667469914,360,0.3,C,False,True
ramp_lineal__0360_0.30_33,0.03460469841957092,0.04162364453077316,0.05809189425464851,0.07745889579974466,0.04872260067310692,0.06286156595708321,0.00701894611120224,0.026708447198858253,0.017149857863147114,0.00880050061796995,0.0058123039411788514,83.33333333333334,83.33333333333334,10,10,2009-08-09 20:23:00,0.6363636363636364,12,3.05371675,52.97698017082352,360,0.3,D,False,True
ramp_lineal__0360_0.30_34,0.02056891843676567,0.02047404833137989,0.07209129112563076,0.05982453462123158,0.05547035282349532,0.04924804183930484,0.0028839735314249992,-0.0004960555059040465,-0.0004145888414706228,-0.006758771860015357,-0.005184736880481088,0.0,0.0,0,0,2009-05-26 14:23:00,0.8181818181818182,12,2.933379944444443,41.79387792740485,360,0.3,C,False,True
ramp_lineal__0360_0.30_40,0.034445490688085556,0.03757859393954277,0.06816308771587619,0.06654275486637572,0.048295086533547575,0.05598706135875024,0.004478104412555695,0.0062058476684755184,0.011678856035773552,0.0012961716823292602,0.004057048735994602,58.333333333333336,100.0,5,12,2009-08-25 04:23:00,1.0,12,3.428780638888888,33.52871625292271,360,0.3,D,False,True
ramp_lineal__0360_0.30_41,0.015756217762827873,0.016303570941090584,0.07468188857810074,0.06862045118794241,0.06087173262063983,0.056829107397137466,0.0017763953655958176,-4.679283387275246e-05,-4.311679073737765e-05,-0.0038254275927209883,-0.0029718889683320246,0.0,0.0,0,0,2009-05-12 12:23:00,0.9090909090909091,12,3.446211675925925,47.746012301891504,360,0.3,C,False,True
ramp_lineal__0360_0.30_45,0.020326584577560425,0.020678164437413216,0.0787345528929673,0.06891414093620937,0.061699983448951244,0.04808137027550851,0.0031975777819752693,0.0003489396679173702,0.0003064560535220636,-0.005134314220825321,-0.006447268022218501,16.666666666666664,8.333333333333332,1,1,2009-01-28 14:23:00,0.8181818181818182,12,3.616430157407408,44.41624828964655,360,0.3,C,False,True
ramp_lineal__0360_0.30_49,0.02092267945408821,0.02082117833197117,0.0721314007561944,0.0631576414512089,0.05649809677264181,0.046496295738126324,0.0033062826842069626,0.004215502087470457,0.006893343239937167,-0.0030766966365341777,-0.003614753701268699,25.0,25.0,2,2,2009-03-27 13:23:00,0.8181818181818182,12,3.603570638888889,45.91608195827759,360,0.3,C,False,True
ramp_lineal__0360_0.50_06,0.021182607859373093,0.021197393536567688,0.058485217341062164,0.05437567569342552,0.047398677477880215,0.043912090862853304,0.0010962681844830513,0.0007140243118876968,0.0001265520070766052,-0.0015660791246616646,-0.001533430285824378,41.66666666666667,33.33333333333333,5,2,2009-02-08 03:23:00,0.9090909090909091,12,5.006850740740742,25.87912073186327,360,0.5,C,False,True
ramp_lineal__0360_0.50_09,0.017526060342788696,0.018596749752759933,0.070394741400687,0.07034690749305893,0.05515739835395632,0.055277147838716116,0.0014155572280287743,2.3837320013944674e-05,0.00011974948475979713,-0.002132640445848235,-0.0017948576229972512,8.333333333333332,16.666666666666664,1,2,2009-01-30 18:23:00,0.09090909090909091,12,2.710674027777779,22.171630868250205,360,0.5,D,False,True
ramp_lineal__0360_0.50_20,0.04825294390320778,0.046733368188142776,0.09136729531165699,0.08842347106070758,0.06579398076725819,0.06279613263732446,0.0009480603039264679,0.007502491663152332,0.006631697540735903,0.0005245645662596936,0.00010693815520151093,50.0,58.333333333333336,4,6,2009-03-22 17:23:00,0.7272727272727273,12,2.787616250000001,32.179531208514675,360,0.5,D,False,True
ramp_lineal__0360_0.50_21,0.014504577964544296,0.014309586025774479,0.06445911876238847,0.06050888713376472,0.05025365151624634,0.04602193398160983,0.0009794947691261768,0.000589055753715817,5.1701086128105866e-05,-0.002526685196604244,-0.001467271105753002,16.666666666666664,16.666666666666664,1,1,2008-12-17 14:23:00,0.8181818181818182,12,2.8059414814814803,32.26443917211678,360,0.5,C,False,True
ramp_lineal__0720_0.30_00,0.023295879364013672,0.03607429936528206,0.043788177655418904,0.056778006365316463,0.038125256986131485,0.054622278037901255,0.012778420001268387,0.030898528015930675,0.03480967048361988,0.004306394769587443,0.005024412574690517,61.111111111111114,61.111111111111114,6,6,2009-01-19 08:23:00,0.7647058823529411,18,3.8191387175925904,17.3596688385456,720,0.3,D,False,True
ramp_lineal__0720_0.30_06,0.036720700562000275,0.03675942122936249,0.06535717522959406,0.06523482084355368,0.040990527153868604,0.04102849870646361,0.009239931590855122,0.0334575279740193,0.02728253163118266,0.0033448708331441433,-0.0004549832538331511,50.0,50.0,6,5,2009-05-10 20:23:00,0.0,18,3.4749177685185195,25.621135677398453,720,0.3,C,False,True
ramp_lineal__0720_0.30_10,0.015898866578936577,0.03378964960575104,0.054788437662868256,0.06674609967530405,0.04180442988829614,0.0650260828815541,0.01789078302681446,0.03661597972827679,0.04715449104250702,0.0049652272033147305,0.007175700812636892,38.88888888888889,38.88888888888889,6,6,2009-02-10 04:23:00,0.7058823529411765,18,3.234835203703704,28.814537195393925,720,0.3,D,False,True
ramp_lineal__0720_0.30_11,0.022999100387096405,0.0367581881582737,0.034252824354413715,0.05607507326725892,0.023221509877500355,0.05272436370756861,0.01673406921327114,0.041866850902986835,0.04069485734462357,0.013223200021499968,0.011822350876040296,100.0,94.44444444444444,18,15,2009-05-14 05:23:00,0.6470588235294118,18,2.999343699074073,30.04952944570605,720,0.3,D,False,True
ramp_lineal__0720_0.30_12,0.025129737332463264,0.03145843371748924,0.07018524124006478,0.06860498310471759,0.05877757390901242,0.05668674266664178,0.008471053093671799,0.02519372763417022,0.016194353228143044,0.0023507723467124132,-0.00021257818749672956,33.33333333333333,44.44444444444444,4,4,2009-10-18 02:23:00,0.17647058823529413,18,3.00694349537037,26.52966957459712,720,0.3,D,False,True
ramp_lineal__0720_0.30_13,0.01808694750070572,0.01930294558405876,0.080467327936268,0.07778013601346519,0.06519745992817771,0.052521518522035134,0.01211750041693449,0.012676621938665783,0.012832958287018768,0.0009082244914004307,-0.0019118983621416996,38.88888888888889,44.44444444444444,3,4,2009-03-05 13:23:00,0.7058823529411765,18,5.720799356481478,42.8722332898953,720,0.3,D,False,True
ramp_lineal__0720_0.30_14,0.02114165760576725,0.039014119654893875,0.032010344223527026,0.057110287397663155,0.027984156587755948,0.05305122118060605,0.019617825746536255,0.03967743674026325,0.04296216306066203,0.008006486749013532,0.00900984719931999,50.0,44.44444444444444,6,6,2009-11-27 05:23:00,0.7058823529411765,18,3.343686921296296,27.85044190587071,720,0.3,D,False,True
ramp_lineal__0720_0.30_16,0.026884347200393677,0.03286853805184364,0.056306921266779726,0.060589386352554786,0.04588123810637724,0.04577223584374352,0.009260831400752068,0.024811039475197447,0.019082983572341734,0.004571046206188947,0.002744616016807508,55.55555555555556,50.0,7,5,2009-07-23 08:23:00,0.47058823529411764,18,4.216440569444444,36.16882082844861,720,0.3,C,False,True
ramp_lineal__0720_0.30_18,0.02520948462188244,0.03493553400039673,0.040760371759534196,0.05290911392975826,0.03407527947733245,0.04774618225921028,0.01720402017235756,0.03258285273857213,0.0334506994209116,-0.00019303282060926825,0.0005175573057332744,33.33333333333333,33.33333333333333,4,4,2009-11-16 18:23:00,0.7058823529411765,18,2.922574212962962,24.50953559247383,720,0.3,D,False,True
ramp_lineal__0720_0.30_23,0.026336204260587692,0.03233689069747925,0.035832578955832785,0.049887852027451926,0.029276273216310936,0.04527644253598362,0.009368054568767548,0.014883375041625013,0.02130479612482599,0.00460364966793224,0.004901325959262916,72.22222222222221,83.33333333333334,6,7,2009-06-07 04:23:00,0.8823529411764706,18,5.501544546296296,35.19111650082919,720,0.3,D,False,True
ramp_lineal__0720_0.30_25,0.03308219462633133,0.03645971789956093,0.054561743686375404,0.07288161681367157,0.04838458717529586,0.051020373382206545,0.0035167187452316284,0.020997424906754873,0.010393852273541865,0.006274268452244527,0.0010491351630130398,77.77777777777779,55.55555555555556,11,5,2009-03-08 12:23:00,0.7647058823529411,18,4.386210888888891,46.93092186996597,720,0.3,D,False,True
ramp_lineal__0720_0.30_26,0.02240532822906971,0.023069363087415695,0.08142387869305989,0.07866037915230471,0.06624991042111701,0.06331877352977068,0.002757234498858452,0.009070880111118963,0.0032777720099843068,-0.001172175247662788,-0.0016509007397827067,22.22222222222222,27.77777777777778,4,2,2009-01-19 14:23:00,0.17647058823529413,18,7.022317361111114,41.63766645782235,720,0.3,D,False,True
ramp_lineal__0720_0.30_29,0.031242238357663155,0.039036575704813004,0.040900293296526516,0.06072189810548504,0.034082582110633794,0.05672914982613087,0.0118640698492527,0.030863644237064773,0.033124863465142367,0.013666457025254201,0.01385752316278093,88.88888888888889,83.33333333333334,14,13,2009-07-10 16:23:00,1.0,18,4.276025023148147,43.12204418216989,720,0.3,D,False,True
ramp_lineal__0720_0.30_35,0.030467970296740532,0.03822317719459534,0.06313340704071341,0.07666090625740696,0.04237846705266601,0.059398623856922864,0.01090882159769535,0.015603364830346224,0.027237221438814303,0.008691412397628318,0.007633717051288172,100.0,72.22222222222221,18,10,2009-08-11 04:23:00,0.8823529411764706,18,5.460878564814816,45.40931293969528,720,0.3,D,False,True
ramp_lineal__0720_0.30_36,0.03791949152946472,0.04015987738966942,0.06483304195492763,0.07697242675920447,0.05029061989393523,0.052712825102724487,0.004172518849372864,0.017702275698225314,0.009079926843959567,0.008325482052375021,0.0027134746364074125,83.33333333333334,72.22222222222221,13,7,2009-07-29 00:23:00,0.7058823529411765,18,4.032081828703704,40.94814385083178,720,0.3,D,False,True
ramp_lineal__0720_0.30_40,0.019657349213957787,0.027511175721883774,0.05829028094703047,0.05776837934898661,0.04341710311190646,0.04341628662736505,0.012482105754315853,0.014634034878877687,0.015497560691158829,0.00012625548795972065,0.0010096838855494282,44.44444444444444,50.0,4,5,2009-04-19 16:23:00,0.058823529411764705,18,3.854836254629632,35.90626023096761,720,0.3,D,False,True
ramp_lineal__0720_0.30_42,0.0174496341496706,0.03203074261546135,0.0493757899116624,0.05048086443298354,0.03212195269404245,0.046325914887056265,0.015351355075836182,0.024224886371715607,0.0338355169281767,-5.9036059559141536e-05,0.004023272992466381,44.44444444444444,33.33333333333333,6,6,2009-02-26 00:23:00,0.6470588235294118,18,3.042478217592592,39.266903507815904,720,0.3,D,False,True
ramp_lineal__0720_0.30_47,0.02973191812634468,0.03623924404382706,0.06433043735798767,0.06387253048062998,0.032334562859996564,0.04365511329087736,0.008417772129178047,0.022950952213506112,0.016915623462196393,0.0023932687661023166,0.003414837915177679,66.66666666666666,55.55555555555556,4,6,2009-04-26 18:23:00,0.7647058823529411,18,7.543700078703706,42.02938429130373,720,0.3,D,False,True
ramp_lineal__0720_0.30_48,0.01507592760026455,0.018903160467743874,0.07015037242263338,0.06433274628279526,0.05568054676814584,0.05037806576244784,0.0050713615491986275,2.07218008399096e-05,0.0018899700710213047,-0.006039246406668189,-0.00390901109739841,11.11111111111111,16.666666666666664,2,2,2009-12-01 13:23:00,0.35294117647058826,18,4.854786805555554,28.077932295120725,720,0.3,D,False,True
ramp_lineal__0720_0.50_00,0.025255756452679634,0.025215527042746544,0.0846538067694307,0.07888285999848885,0.06736875401836868,0.06130734322338414,0.001197420759126544,0.00018300426571984246,0.0001990186440721381,-0.0030499923323366214,-0.003156596855688917,5.555555555555555,5.555555555555555,1,1,2009-02-23 06:23:00,0.47058823529411764,18,6.58067185185185,26.733093864413885,720,0.5,C,False,True
ramp_lineal__0720_0.50_01,0.018219860270619392,0.0182185061275959,0.0804410913221526,0.07855002144252922,0.06251785207073562,0.06237859138059948,0.00370916910469532,-8.982400270404756e-06,0.0002721275270760881,-0.0033456614330352966,-0.003607987334931632,0.0,27.77777777777778,0,5,2008-12-22 14:23:00,0.35294117647058826,18,4.882565648148148,23.47880235184701,720,0.5,C,False,True
ramp_lineal__0720_0.50_04,0.022072456777095795,0.023891078308224678,0.07546145656184446,0.07539914610222238,0.05947626157241683,0.059337086735078134,0.004954179748892784,0.004779016554872412,0.007534085821670162,-0.0010503240540671117,-0.00016341515643899696,22.22222222222222,27.77777777777778,1,2,2009-02-10 17:23:00,0.058823529411764705,18,2.701704768518516,18.99033815576204,720,0.5,D,False,True
ramp_lineal__0720_0.50_05,0.02081708051264286,0.021012982353568077,0.07025362743550592,0.06484475548149993,0.05731583276082527,0.050968451927466796,0.0015589911490678787,0.001026756035894364,0.0016256295080033824,-0.0024574716042958813,-0.002481916576603121,22.22222222222222,33.33333333333333,2,4,2009-03-10 15:23:00,0.8235294117647058,18,4.552026180555554,31.492975560951944,720,0.5,C,False,True
ramp_lineal__0720_0.50_07,0.0303973201662302,0.034378353506326675,0.04405019892746271,0.05778768706100647,0.039852970789672634,0.05050443469350514,0.003981033340096474,0.013737488133543758,0.012306515343427636,0.0018126675231412966,0.0022589108303146792,61.111111111111114,66.66666666666666,7,8,2009-10-30 18:23:00,0.7058823529411765,18,4.227920416666668,27.480081224190908,720,0.5,D,False,True
ramp_lineal__0720_0.50_08,0.027867726981639862,0.02795875072479248,0.07018524124006478,0.06475761961308966,0.05877757390901242,0.05501778256455646,0.0009238068014383316,0.0004950008805500103,0.0008765653308136639,-0.0015700536778640644,-0.0012603750440263852,22.22222222222222,27.77777777777778,1,1,2009-10-18 00:23:00,0.6470588235294118,18,7.787338194444452,23.79191061625853,720,0.5,C,False,True
ramp_lineal__0720_0.50_09,0.027839165180921555,0.0280286967754364,0.07131023662820041,0.06487044157560327,0.05640028745861554,0.050772371732548324,0.0018016528338193893,0.002827509692337988,0.0026777938759991633,-0.002777598251345846,-0.0015846357287254604,27.77777777777778,33.33333333333333,5,5,2009-03-18 14:23:00,0.5294117647058824,18,3.7362620370370383,26.02645212706537,720,0.5,C,False,True
ramp_lineal__0720_0.50_16,0.028795024380087852,0.03036561794579029,0.039197158712686045,0.05800904159181683,0.03667531754392931,0.037580009968280606,0.0033464953303337097,0.019216259826092125,0.005023050999426966,0.0038610030064137758,-0.00015363152730053903,55.55555555555556,44.44444444444444,7,4,2009-09-16 07:23:00,0.8235294117647058,18,2.791498912037037,19.55136946280373,720,0.5,D,False,True
ramp_lineal__0720_0.50_23,0.034999649971723557,0.04149766266345978,0.06165395859526734,0.08352178333123363,0.0548116306013368,0.06831406549948538,0.008234299719333649,0.02195734814550916,0.019003550396910734,0.004570261211192398,0.0036131471470593293,72.22222222222221,66.66666666666666,6,6,2009-09-18 19:23:00,0.8823529411764706,18,2.821661643518516,23.889711828760124,720,0.5,D,False,True
ramp_lineal__0720_0.50_24,0.04275333508849144,0.04360704496502876,0.08329517457512657,0.07961189589038808,0.05422960484982101,0.057639631138656035,0.003759438171982765,0.014847041019769074,0.01188441711546468,0.00244446934616585,0.0020502109496302154,72.22222222222221,66.66666666666666,7,6,2009-09-03 15:23:00,0.47058823529411764,18,2.5089815277777774,21.460060623858368,720,0.5,C,False,True
ramp_lineal__0720_0.50_28,0.022136325016617775,0.023484839126467705,0.06664630924570626,0.06621179748260461,0.05272205482972599,0.052662118798364625,0.002720719203352928,0.003348268948145914,0.0012756734353771351,-0.0015173739784830134,-0.0008754697574005894,27.77777777777778,33.33333333333333,1,3,2009-11-17 16:23:00,0.058823529411764705,18,3.0513670601851857,22.63748567072283,720,0.5,D,False,True
ramp_lineal__0720_0.50_30,0.026438511908054352,0.028800401836633682,0.056878594917289776,0.05726656101895619,0.04796690553015461,0.043911373838040536,0.009632027707993984,0.016036482476092247,0.014877968575360598,0.0038226634844608347,0.0026770629054034645,61.111111111111114,66.66666666666666,6,6,2009-11-24 18:23:00,0.5882352941176471,18,3.6415370138888914,20.991912381666104,720,0.5,D,False,True
ramp_lineal__0720_0.50_33,0.03542931005358696,0.041092488914728165,0.0573728734500936,0.07091121382983816,0.04407209923141378,0.05844498453717518,0.008800400421023369,0.019832425817208267,0.024264992011964776,0.004729752690056838,0.0030066264929859343,61.111111111111114,50.0,10,8,2009-10-02 06:23:00,0.5294117647058824,18,2.853132800925927,21.52706641108465,720,0.5,C,False,True
ramp_lineal__0720_0.50_34,0.027084436267614365,0.02726687118411064,0.06334228618707581,0.06096805460945263,0.05143817972422707,0.04695600185687712,0.0026931390166282654,0.008333390288341628,0.0014277710771070408,-0.0013042540315999884,-0.002672144729265649,38.88888888888889,38.88888888888889,3,6,2009-04-25 18:23:00,0.5294117647058824,18,4.781330162037033,21.10642608421549,720,0.5,C,False,True
ramp_lineal__0720_0.50_39,0.023295879364013672,0.02234792709350586,0.08142387869305989,0.07278817120361532,0.06624991042111701,0.05417109360702979,0.0028872983530163765,0.0026254042804783606,0.0041037358946221895,-0.002815507932577298,-0.004147509793578857,27.77777777777778,16.666666666666664,1,1,2009-01-19 14:23:00,0.8235294117647058,18,4.134822685185185,32.259365644072155,720,0.5,C,False,True
ramp_lineal__0720_0.50_40,0.0322505459189415,0.03794629126787186,0.05469065826948962,0.055652843616514396,0.04129256719611709,0.053959721487830285,0.011885002255439758,0.02949997818277438,0.028332300138509896,0.0039346633987466266,0.0048571613488902375,55.55555555555556,44.44444444444444,6,6,2009-09-23 07:23:00,0.11764705882352941,18,4.015342268518518,24.646350023131333,720,0.5,D,False,True
ramp_lineal__0720_0.50_44,0.02180027961730957,0.021080203354358673,0.08577947958764197,0.08091800477703522,0.0674176377451441,0.06456266328858928,0.00228120107203722,0.00566892324618719,0.00282111373252502,-0.002610631074548574,-0.002599979312759101,33.33333333333333,22.22222222222222,2,2,2009-02-12 18:23:00,1.0,18,4.267443958333335,30.82136464422253,720,0.5,C,False,True
ramp_lineal__0720_0.50_45,0.03650433570146561,0.03787876293063164,0.056773868402133644,0.06054396966421508,0.04817222150907608,0.05113380731878158,0.002708675339818001,0.008746339820838087,0.008468655582525995,0.0029670141460570753,0.002288929334462105,77.77777777777779,83.33333333333334,6,12,2009-08-21 22:23:00,0.5294117647058824,18,3.8352770833333354,31.62124104060859,720,0.5,C,False,True
ramp_lineal__0720_0.50_47,0.022373875603079796,0.024306917563080788,0.05386875106330571,0.053890732353021165,0.04453830861803277,0.04458372603684339,0.002178685739636421,0.0064958245572653145,0.005478445432425334,0.00019725349785051926,-0.0006381474035104559,50.0,33.33333333333333,4,3,2009-02-08 04:23:00,0.0,18,3.264263935185185,29.76840100665587,720,0.5,D,False,True
ramp_lineal__0720_0.50_49,0.016661670058965683,0.017679736018180847,0.07015037242263338,0.06403909653080266,0.05568054676814584,0.04966027250272728,0.003280642442405224,0.0010474179557344518,0.0012487662711299814,-0.003658649747753396,-0.003630939346504813,22.22222222222222,22.22222222222222,2,3,2009-12-01 13:23:00,0.47058823529411764,18,3.607485023148147,21.7423157132844,720,0.5,D,False,True
ramp_lineal__0720_0.70_13,0.020326584577560425,0.020590871572494507,0.0787345528929673,0.0764983930352359,0.061699983448951244,0.06113521405849955,0.000587858259677887,0.00016473874264093247,0.0003778265911397495,-0.0013059182804097734,-0.0008911194384006561,11.11111111111111,11.11111111111111,1,1,2009-01-28 14:23:00,0.7058823529411765,18,3.0073765555555543,19.72377852204227,720,0.7,C,False,True
ramp_lineal__0720_0.70_34,0.018579337745904922,0.019245952367782593,0.0644138275962343,0.0626987364969204,0.05244020223910376,0.050907531018615136,0.0009500198066234589,0.0003937083788821752,0.00042527032217933025,-0.0016552489788351954,-0.0013810178087018301,38.88888888888889,33.33333333333333,7,6,2009-02-21 02:23:00,0.5882352941176471,18,3.7386101805555576,14.283588196589095,720,0.7,C,False,True
ramp_lineal__0720_0.70_40,0.03901400789618492,0.0387120358645916,0.05704006117548674,0.05454490088602403,0.045513624649882484,0.044753518570707314,0.00034072063863277435,0.0014554514900178561,0.00143765399121977,-0.0010173890934384471,-0.0008242325532807776,33.33333333333333,27.77777777777778,3,3,2009-05-31 01:23:00,0.9411764705882353,18,2.6930288194444465,16.061961765690196,720,0.7,D,False,True
ramp_lineal__0720_0.70_47,0.01832422986626625,0.018303219228982925,0.06401161034773299,0.06110258147586475,0.05323806560482082,0.04822090515979728,0.001304570585489273,0.0009323931138502453,0.0005232595311614949,-0.0013405929165239327,-0.0022485485725353507,22.22222222222222,16.666666666666664,3,1,2009-03-31 13:23:00,0.6470588235294118,18,2.9616607916666684,18.665772504012583,720,0.7,C,False,True
ramp_lineal__1440_0.30_04,0.035696446895599365,0.03509886935353279,0.05846240946801418,0.05994792267947767,0.04420980709382731,0.04200371911621695,0.011304446496069431,0.02333861383105762,0.02360353983398067,0.0010734073463042287,0.002132018466447884,56.666666666666664,56.666666666666664,7,8,2009-01-31 17:23:00,0.2413793103448276,30,16.15347230324074,28.353966864714955,1440,0.3,C,False,True
ramp_lineal__1440_0.30_11,0.034513697028160095,0.039071183651685715,0.04813067118034141,0.06441663620047208,0.0391763625691761,0.049139688722530064,0.005738702602684498,0.01676635035946359,0.010462536811325363,0.003232189776417669,0.0017325961945345654,76.66666666666667,70.0,18,9,2009-10-03 15:23:00,0.6206896551724138,30,12.651047969907408,45.904379132378985,1440,0.3,C,False,True
ramp_lineal__1440_0.30_13,0.024650754407048225,0.03363100066781044,0.06535535266178698,0.06097740337296393,0.052892738778021336,0.051021066753749525,0.011604443192481995,0.027954822616839337,0.031067837459468485,0.003605786047834508,0.004381728456937757,66.66666666666666,60.0,10,9,2009-04-09 13:23:00,0.27586206896551724,30,10.478283131944448,32.76729883568775,1440,0.3,D,False,True
ramp_lineal__1440_0.30_16,0.02297227643430233,0.025576697662472725,0.07415225884567664,0.07214509705842205,0.060217970729120385,0.05933852821796746,0.009161382913589478,0.010258177407342322,0.010148602418512476,-0.0027639930992748585,-0.0026485325300834523,26.666666666666668,23.333333333333332,4,4,2009-05-04 14:23:00,0.10344827586206896,30,9.272112759259256,37.61099310118956,1440,0.3,D,False,True
ramp_lineal__1440_0.30_17,0.01659233868122101,0.02716096304357052,0.13221465604743432,0.1577991954762674,0.10399243081730968,0.13632784780846355,0.026924215257167816,0.038020249662578554,0.04558889246699928,0.011359714827393015,0.012363814888522636,83.33333333333334,83.33333333333334,25,25,2009-06-14 14:23:00,0.8275862068965517,30,11.119481778920484,38.91242492744568,1440,0.3,D,False,True
ramp_lineal__1440_0.30_18,0.02063978649675846,0.02038515917956829,0.08154413442208629,0.07303714973530182,0.06432966045730908,0.04765393711825674,0.009693537838757038,0.0017732335345245903,0.0007015151645422477,-0.005649124413201067,-0.006303458772436665,23.333333333333332,16.666666666666664,5,5,2008-12-31 19:23:00,0.7586206896551724,30,14.89748378935186,47.44028771296598,1440,0.3,C,False,True
ramp_lineal__1440_0.30_20,0.017969967797398567,0.028397589921951294,0.06300785454220971,0.05889793563524216,0.048720918270502005,0.0493927348694467,0.013500682078301907,0.01132874078997749,0.018683594856999167,-0.004237156048422617,-0.0005250420905151483,13.333333333333334,30.0,3,4,2009-01-05 14:23:00,0.41379310344827586,30,9.568110983796297,35.96110391614796,1440,0.3,D,False,True
ramp_lineal__1440_0.30_21,0.03829095885157585,0.04118470475077629,0.06440436979015955,0.0712613827513002,0.044679757040469524,0.050123994208024866,0.0030341334640979767,0.012876802705402174,0.008552405526489601,0.000990299041285324,0.0010746685868464289,63.33333333333333,60.0,12,10,2009-01-11 14:23:00,0.5172413793103449,30,15.511184418981482,45.2946979726933,1440,0.3,C,False,True
ramp_lineal__1440_0.30_22,0.02477117069065571,0.027776669710874557,0.05292970868796563,0.055307618311883605,0.042963850867458714,0.04900596597485474,0.015974558889865875,0.019193373314592595,0.023794519152434704,0.0030871451367913434,0.002235560412729967,66.66666666666666,70.0,7,5,2009-10-28 17:23:00,0.6896551724137931,30,7.550753680555557,41.57430880051586,1440,0.3,D,False,True
ramp_lineal__1440_0.30_23,0.025129737332463264,0.039802905172109604,0.047900540154352675,0.07503830842237733,0.03861103029061673,0.07256446679081971,0.018902437761425972,0.04865662191923932,0.05082534482073124,0.0025990404224764613,0.003984328718915882,36.666666666666664,43.333333333333336,6,7,2009-10-19 06:23:00,0.8620689655172413,30,8.12123862731482,35.63869380110682,1440,0.3,D,False,True
ramp_lineal__1440_0.30_25,0.018175100907683372,0.01827971637248993,0.06300785454220971,0.05600263030012776,0.048720918270502005,0.04715895574287737,0.003456869162619114,0.0011401406463870355,0.0008079861383429865,-0.006607947800038796,-0.0031741755216488543,6.666666666666667,13.333333333333334,2,2,2009-01-05 13:23:00,0.4827586206896552,30,11.371713337962962,42.474927897986994,1440,0.3,C,False,True
ramp_lineal__1440_0.30_26,0.017024466767907143,0.017228638753294945,0.07464040317337282,0.06378071060947989,0.05960634779647939,0.0479064762155994,0.0040065813809633255,0.0010506713584237277,0.0005374989877897918,-0.006060687227764526,-0.006206728520612068,13.333333333333334,13.333333333333334,1,1,2009-01-13 16:23:00,0.5517241379310345,30,15.05897464814814,41.80207520485562,1440,0.3,C,False,True
ramp_lineal__1440_0.30_29,0.028159506618976593,0.029577268287539482,0.08404310981529893,0.08230143346981192,0.06725746839532946,0.05402619007190465,0.011258881539106369,0.009810434290353696,0.011236309035839932,-0.0020484026190141853,-0.0036055157630108295,26.666666666666668,36.666666666666664,5,7,2009-04-17 06:23:00,0.7586206896551724,30,13.879253175925925,40.1174293092453,1440,0.3,C,False,True
ramp_lineal__1440_0.30_30,0.01977110654115677,0.0243992917239666,0.06919819754940192,0.06449652624244932,0.05611014421508773,0.049743107811502936,0.009929181076586246,0.012101397241776404,0.0160743216213658,-0.0010449260851410212,-0.0011691408328863473,36.666666666666664,33.33333333333333,7,7,2009-06-11 13:23:00,0.27586206896551724,30,6.28607160416667,29.0583268038362,1440,0.3,D,False,True
ramp_lineal__1440_0.30_33,0.024650754407048225,0.031859319657087326,0.06535535266178698,0.05932898580837693,0.052892738778021336,0.047852559506782875,0.007208565250039101,0.023837717466221597,0.021431991530277462,0.0009642528682520967,0.0013992538042353162,60.0,53.333333333333336,8,7,2009-04-09 13:23:00,0.4482758620689655,30,13.232014557870375,42.014753912536165,1440,0.3,D,False,True
ramp_lineal__1440_0.30_34,0.019079113379120827,0.021776532754302025,0.056448726942651066,0.05344053332757811,0.047527130403848004,0.04636769548354329,0.0040273405611515045,0.0039321701503077094,0.010568522238559232,-0.004387920338132704,-0.0022743413289850727,13.333333333333334,26.666666666666668,1,4,2009-01-09 12:23:00,0.4482758620689655,30,12.89919469675926,43.305554972703234,1440,0.3,D,False,True
ramp_lineal__1440_0.30_36,0.020309096202254295,0.03312660753726959,0.057588415738866444,0.06534243911005296,0.04821289811790231,0.062125358255190846,0.014801247045397758,0.04439057474705074,0.0483603505562189,0.003336992158001606,0.0033415765636737103,36.666666666666664,33.33333333333333,8,8,2009-11-10 07:23:00,0.7931034482758621,30,7.415860893518516,33.99039866369691,1440,0.3,D,False,True
ramp_lineal__1440_0.30_37,0.026619164273142815,0.03425830230116844,0.05245298369761344,0.06365476893976253,0.04458833040543051,0.06080456111501897,0.01267806626856327,0.02977228034517744,0.04356685058667183,0.0029525344726422796,0.0034056577965216033,43.333333333333336,33.33333333333333,7,7,2008-12-22 03:23:00,0.8620689655172413,30,16.288994425925925,39.434649014619865,1440,0.3,D,False,True
ramp_lineal__1440_0.30_38,0.027047522366046906,0.03866078704595566,0.034755874678138565,0.06384808964359907,0.029955891987074774,0.05794782792046398,0.01391545683145523,0.040440636921161455,0.03742828070026202,0.008372293944158638,0.005993577205042736,56.666666666666664,50.0,13,10,2009-05-24 16:23:00,0.8275862068965517,30,5.968893275462964,31.3983717975769,1440,0.3,D,False,True
ramp_lineal__1440_0.30_40,0.03219856321811676,0.03116615116596222,0.05092461042907757,0.05877526423470872,0.03975027911090466,0.03722011089091707,0.0054126642644405365,0.015367696514645875,0.00913681316490515,0.004412679292195112,-0.00023254461613970108,63.33333333333333,46.666666666666664,14,6,2009-08-30 04:23:00,0.3103448275862069,30,10.596993668981485,39.998818576474086,1440,0.3,C,False,True
ramp_lineal__1440_0.30_41,0.040041662752628326,0.039633143693208694,0.07560483015855377,0.07405761551859522,0.053286009281735915,0.05167860478260599,0.01053658127784729,0.018434725795771226,0.019609544882374454,0.004584532185195889,0.0026665092504215985,66.66666666666666,50.0,16,5,2009-10-23 18:23:00,0.20689655172413793,30,12.330682064814807,35.20031496253637,1440,0.3,C,False,True
ramp_lineal__1440_0.30_43,0.021771222352981567,0.034327078610658646,0.0787375983481648,0.0783304772961354,0.06566935527702614,0.06400331668631552,0.023364614695310593,0.025753071988089474,0.02464246379206442,0.0011576094240937857,-0.00028454809920302646,36.666666666666664,36.666666666666664,6,6,2009-05-01 05:23:00,0.7931034482758621,30,11.89288942592592,34.954138886929485,1440,0.3,D,False,True
ramp_lineal__1440_0.30_44,0.03003092296421528,0.040931642055511475,0.04613017050955235,0.07956520955772747,0.035670523352606086,0.0674265539001581,0.013235209509730339,0.04095742926960355,0.037177787107845556,0.009514273340850551,0.007962100964288163,76.66666666666667,53.333333333333336,11,11,2009-08-31 20:23:00,0.7931034482758621,30,6.773085067129633,32.555448353003875,1440,0.3,D,False,True
ramp_lineal__1440_0.30_45,0.015898866578936577,0.01917531155049801,0.07546145656184446,0.07691607372497393,0.05947626157241683,0.05437955991244496,0.012336977757513523,0.004951308654932027,0.0017828390018158127,-0.005716443167159733,-0.005846182199049295,20.0,10.0,3,2,2009-02-10 16:23:00,0.8620689655172413,30,10.885023819444442,39.20562583391561,1440,0.3,D,False,True
ramp_lineal__1440_0.30_46,0.02982231229543686,0.035646453499794006,0.050309453961920624,0.061362822487252625,0.042121660774242765,0.04652523869978982,0.00978176947683096,0.0277052279155473,0.023542634930548208,0.0020454183865694533,0.001017164184905537,30.0,30.0,8,5,2009-03-13 17:23:00,0.6896551724137931,30,9.123495613425924,39.39146073988682,1440,0.3,D,False,True
ramp_lineal__1440_0.30_49,0.02267954871058464,0.03391827642917633,0.0787345528929673,0.07774388696466736,0.061699983448951244,0.07054656963519676,0.013791987672448158,0.055987046392780855,0.05499603393396118,0.006076796893000697,0.0050988776644745,36.666666666666664,43.333333333333336,7,7,2009-01-28 14:23:00,0.2413793103448276,30,11.591291638888894,27.22180986989212,1440,0.3,D,False,True
ramp_lineal__1440_0.50_00,0.04825294390320778,0.04851483181118965,0.09136729531165699,0.09167873385529274,0.06579398076725819,0.06654804045720764,0.0038033640012145042,0.009389498037874078,0.007284990690077868,-0.0007560473092926747,-0.001339678660287874,43.333333333333336,53.333333333333336,5,7,2009-03-22 17:23:00,0.3103448275862069,30,7.257373726851849,23.36402931814753,1440,0.5,C,False,True
ramp_lineal__1440_0.50_01,0.020094070583581924,0.02225930243730545,0.06535693402041912,0.05389829763378201,0.045848264453751425,0.04583567248281704,0.002884114161133766,0.013843348360687282,0.0026805136345428183,-0.005949489502009176,-0.0032016250321877113,20.0,23.333333333333332,4,3,2009-02-18 16:23:00,0.0,30,3.25173439814815,27.35346557248854,1440,0.5,D,False,True
ramp_lineal__1440_0.50_02,0.03650433570146561,0.03946414962410927,0.056773868402133644,0.06809368822848597,0.04817222150907608,0.05190760241459291,0.006144624203443527,0.02004158855712202,0.011733560642812176,0.004927143790662055,0.0024039837631396038,90.0,70.0,25,10,2009-08-21 17:23:00,0.6206896551724138,30,5.672424641203705,30.22423854262995,1440,0.5,D,False,True
ramp_lineal__1440_0.50_03,0.022730669006705284,0.025265196338295937,0.07071385850091766,0.06958653588570785,0.05440381085734078,0.05291793272826724,0.0025345273315906525,0.009662245551499509,0.010827984141157976,-0.004334624814621276,-0.002833787598242251,6.666666666666667,13.333333333333334,1,1,2009-02-26 12:23:00,0.10344827586206896,30,4.803987268518519,23.80517399784206,1440,0.5,D,False,True
ramp_lineal__1440_0.50_05,0.03333943709731102,0.03566833585500717,0.06908784151649248,0.06908697499530202,0.056492917671752345,0.05696198081406866,0.005213610827922821,0.023765435905213586,0.013236901073501083,0.003742314238348152,0.002263651663479961,73.33333333333333,66.66666666666666,10,7,2009-10-25 13:23:00,0.9310344827586207,30,8.898688611111112,20.63747965581609,1440,0.5,D,False,True
ramp_lineal__1440_0.50_09,0.02228306047618389,0.022562162950634956,0.06895825685143689,0.062023856958662214,0.058421432959908766,0.05097681183014171,0.0034737149253487587,0.0012175197000499488,0.001229568926392293,-0.0032192859036369926,-0.003234354089619622,20.0,23.333333333333332,4,3,2009-03-03 16:23:00,0.5862068965517241,30,8.998132071759265,29.26256704988113,1440,0.5,C,False,True
ramp_lineal__1440_0.50_10,0.019657349213957787,0.020929135382175446,0.05829028094703047,0.05761736799666967,0.043462882630635254,0.04287518557069865,0.002807808108627796,0.00290661653502218,0.002815547779052102,-0.0031956717801247775,-0.0026553781097840823,20.0,16.666666666666664,4,4,2009-04-19 16:23:00,0.1724137931034483,30,6.942980439814818,26.33594554952301,1440,0.5,C,False,True
ramp_lineal__1440_0.50_11,0.029234912246465683,0.03550606220960617,0.08614682637402714,0.07476880087717058,0.06792295261896741,0.05562848795472768,0.008478367701172829,0.02076319695931793,0.020070866911699098,0.00046421201487658914,-0.0014152201176634808,50.0,36.666666666666664,6,5,2009-06-05 14:23:00,0.6896551724137931,30,5.948021712962969,25.582999122417597,1440,0.5,C,False,True
ramp_lineal__1440_0.50_15,0.030309779569506645,0.03688032180070877,0.048014067730055135,0.06404474737489504,0.03283775988040092,0.05252807249540981,0.008186593651771545,0.02291928155214514,0.022382069760607644,0.0017965486582226708,0.0018238726240433127,33.33333333333333,53.333333333333336,6,9,2009-11-01 11:23:00,0.8275862068965517,30,5.6215980208333285,18.250934269320616,1440,0.5,D,False,True
ramp_lineal__1440_0.50_19,0.03920774161815643,0.03918065130710602,0.06437754933001437,0.08260028555412957,0.054292897803385295,0.05434490186577857,0.005570331588387489,0.023059063980104995,0.01969677932200742,0.003602201734748229,0.0009900092989889348,70.0,56.666666666666664,10,10,2009-06-22 20:23:00,0.7586206896551724,30,5.209586527777782,27.975941257197427,1440,0.5,D,False,True
ramp_lineal__1440_0.50_20,0.02255120314657688,0.02148689702153206,0.07882274037745161,0.07832093869558744,0.06330976188017604,0.06244422957097717,0.0020296452566981316,0.004649326209691867,0.00436893498332463,-0.0009802805416630998,-0.001330329763273524,36.666666666666664,23.333333333333332,5,4,2009-01-17 06:23:00,0.1724137931034483,30,14.5877833912037,26.840102135213897,1440,0.5,D,False,True
ramp_lineal__1440_0.50_21,0.038013119250535965,0.041220538318157196,0.059270041692655526,0.07976714487053398,0.050701612299755734,0.05873097847502944,0.0041382890194654465,0.02049710317787845,0.013328815126687335,0.007820142597627179,0.0035520491378170527,93.33333333333333,86.66666666666667,26,9,2009-09-12 07:23:00,0.4827586206896552,30,5.976584166666671,27.39566812432581,1440,0.5,C,False,True
ramp_lineal__1440_0.50_22,0.030467970296740532,0.031302034854888916,0.06313340704071341,0.07836016204503503,0.04237846705266601,0.04332956082791588,0.006283098831772804,0.02043031638013279,0.014261615757926302,0.006698480112845484,0.0020178787347277416,80.0,66.66666666666666,13,9,2009-08-11 04:23:00,0.6896551724137931,30,4.867169085648149,26.718513390713245,1440,0.5,D,False,True
ramp_lineal__1440_0.50_26,0.02114165760576725,0.022109560668468475,0.064180194476191,0.06019601547866357,0.05391624197071335,0.05055822093074356,0.0026334933936595917,0.005118466497784531,0.005153302047697084,-0.0013035109098358908,-0.0016655743403348735,33.33333333333333,30.0,3,5,2009-11-27 15:23:00,0.9655172413793104,30,6.163803472222224,24.86149802516973,1440,0.5,D,False,True
ramp_lineal__1440_0.50_28,0.022652339190244675,0.02069033868610859,0.07209129112563076,0.07184713722264853,0.05547035282349532,0.054622252695137,0.004782775416970253,0.0006965694699622715,0.0028349986215944686,-0.0045169904953433395,-0.0030105875229210783,10.0,20.0,1,3,2009-05-26 14:23:00,0.06896551724137931,30,6.11430168981482,26.67027022191335,1440,0.5,C,False,True
ramp_lineal__1440_0.50_29,0.01832674816250801,0.01851542852818966,0.07223986125411729,0.06714400812482631,0.05467224036783885,0.05200698387978376,0.0028486065566539764,0.00048089456140822107,3.607400225444368e-05,-0.002655894614201208,-0.0030431128047026094,10.0,6.666666666666667,1,1,2009-01-23 14:23:00,0.6551724137931034,30,9.161433055555555,30.89789905417154,1440,0.5,C,False,True
ramp_lineal__1440_0.50_32,0.0324375294148922,0.03993907943367958,0.050688520767834214,0.08036673650945275,0.040548059659586314,0.06064785482914406,0.00944543443620205,0.030842187063784963,0.027234084805374432,0.009217778513298866,0.005168478390360607,86.66666666666667,66.66666666666666,17,10,2009-08-28 07:23:00,0.7931034482758621,30,3.458515972222223,27.040429279437767,1440,0.5,D,False,True
ramp_lineal__1440_0.50_34,0.035579849034547806,0.03702821582555771,0.07154042446112012,0.07519642761686972,0.047266058385554824,0.052998905438397886,0.003883626312017441,0.01913009494075691,0.009765396896804642,0.0004207904748505201,0.00032107228015718553,56.666666666666664,60.0,6,12,2009-10-25 16:23:00,0.3793103448275862,30,8.427223761574073,23.76458754502304,1440,0.5,C,False,True
ramp_lineal__1440_0.50_35,0.03542931005358696,0.037304770201444626,0.0573728734500936,0.07065687481318869,0.04407209923141378,0.057197200786630195,0.010726917535066605,0.028217818507704225,0.028076261103617477,0.005493835734272308,0.005731949566318236,60.0,70.0,9,11,2009-10-03 04:23:00,0.7586206896551724,30,3.939918877314821,19.742072746433507,1440,0.5,D,False,True
ramp_lineal__1440_0.50_37,0.024169182404875755,0.02778181992471218,0.07432882015069585,0.06918200503618617,0.05984734678705573,0.054072675839118664,0.0036126375198364258,0.009433848647597857,0.009226750500958475,-0.0006615664246210775,-5.0277529083817515e-05,30.0,43.333333333333336,5,10,2009-01-21 14:23:00,0.41379310344827586,30,7.404172870370367,25.499565616467454,1440,0.5,D,False,True
ramp_lineal__1440_0.50_38,0.017672859132289886,0.017802521586418152,0.06445911876238847,0.06294085777427937,0.05025365151624634,0.047379547571908584,0.002376733347773552,0.0002337432035227141,1.7132788893533396e-05,-0.002850512527166956,-0.002335056607816156,6.666666666666667,3.3333333333333335,1,1,2008-12-17 14:23:00,0.5517241379310345,30,10.365547534722223,31.263527312963276,1440,0.5,C,False,True
ramp_lineal__1440_0.50_39,0.029673289507627487,0.029691219329833984,0.06155758153231494,0.06201504031369226,0.04415461050340146,0.0437588514662357,0.002973439171910286,0.009260092760832853,0.008006947717671468,0.0014441197104413973,0.000958809809882085,56.666666666666664,46.666666666666664,9,9,2009-02-28 06:23:00,0.10344827586206896,30,7.047361967592597,25.84979973000725,1440,0.5,D,False,True
ramp_lineal__1440_0.50_40,0.027443647384643555,0.030451424419879913,0.06158601027539663,0.062134719750185224,0.05190728534428579,0.0519799190950748,0.0034529883414506912,0.01448728730525339,0.009185527127123005,-0.0015238293570287947,-0.0014237807149143828,36.666666666666664,26.666666666666668,3,3,2009-05-21 19:23:00,0.13793103448275862,30,5.003564942129628,21.53231681363557,1440,0.5,D,False,True
ramp_lineal__1440_0.50_42,0.03901400789618492,0.040418051183223724,0.05704006117548674,0.07063401071703165,0.045513624649882484,0.052909948266558864,0.015893450006842613,0.03828150108199153,0.03801011234217771,0.012004702937496023,0.010383651780923884,93.33333333333333,90.0,24,19,2009-05-31 10:23:00,0.6551724137931034,30,4.046231770833334,18.44562258767931,1440,0.5,D,False,True
ramp_lineal__1440_0.50_43,0.023644642904400826,0.0259268656373024,0.05974131214954784,0.0562957038680057,0.04877953905056797,0.04288183449221268,0.004414328373968601,0.006291826877815168,0.007116343342118929,-0.0037886953143048433,-0.0037996896119267144,16.666666666666664,20.0,2,2,2008-12-24 14:23:00,0.3448275862068966,30,5.488397141203702,23.66433033326737,1440,0.5,C,False,True
ramp_lineal__1440_0.50_46,0.01895832270383835,0.023413999006152153,0.08920310914474823,0.08664898695875164,0.07004949217668306,0.06803939680386456,0.005329743027687073,0.0114281555479148,0.008734385336315452,-0.003372486155093793,-0.0029988681561102606,10.0,13.333333333333334,2,2,2009-12-10 16:23:00,0.2413793103448276,30,7.732047847222219,23.090343587349423,1440,0.5,D,False,True
ramp_lineal__1440_0.50_49,0.04275333508849144,0.04282375052571297,0.08329517457512657,0.08306989551153009,0.05438254388554642,0.054427650518864515,0.006097322329878807,0.01857436894902738,0.011891238257904075,0.0015555485870994263,8.251733614202926e-05,50.0,56.666666666666664,4,8,2009-09-03 15:23:00,0.06896551724137931,30,5.180484687499998,24.82303512673896,1440,0.5,C,False,True
ramp_lineal__1440_0.70_00,0.016423093155026436,0.017122523859143257,0.08894521802731854,0.08418828367716137,0.07082246108582986,0.06491499946848196,0.0021695271134376526,0.00015436820048261163,0.002084185105799781,-0.0024747146449823304,-0.0026777929295525066,6.666666666666667,13.333333333333334,1,2,2008-12-18 15:23:00,0.4482758620689655,30,4.652751694444444,15.635804961889493,1440,0.7,D,False,True
ramp_lineal__1440_0.70_02,0.04287591204047203,0.04338264465332031,0.08009116215197884,0.08181538444207893,0.07323135342539827,0.07466335579218285,0.0009824428707361221,0.012828531135433523,0.002998855635989346,0.0009727441829483412,-0.00034712010419872265,60.0,43.333333333333336,9,8,2009-09-13 10:23:00,0.13793103448275862,30,4.070987277777782,15.242766538114331,1440,0.7,C,False,True
ramp_lineal__1440_0.70_03,0.05690760537981987,0.057088740170001984,0.1189329677908358,0.11837968196978023,0.08713134448227544,0.087927123713122,0.0016419198364019394,0.008552439474794027,0.007700448761355861,0.0005744873036116347,0.00123991194450975,60.0,86.66666666666667,5,11,2009-07-04 12:23:00,0.20689655172413793,30,3.4712583819444447,15.04054875333391,1440,0.7,C,False,True
ramp_lineal__1440_0.70_04,0.026103906333446503,0.026244070380926132,0.07415225884567664,0.07345522598833777,0.060217970729120385,0.059827770207142736,0.001425563357770443,0.0031129560110605588,0.0030892958266922795,-0.0018507328706915131,-0.0012118368078568177,16.666666666666664,20.0,3,4,2009-05-04 14:23:00,0.06896551724137931,30,4.005824354166666,16.247337367404935,1440,0.7,D,False,True
ramp_lineal__1440_0.70_06,0.021771222352981567,0.019739212468266487,0.0787375983481648,0.07380037671209903,0.06566935527702614,0.05669853952187235,0.0021454039961099625,0.0068865606615075795,0.004844710925089729,-0.00188998569414288,-0.0029971427969974545,33.33333333333333,23.333333333333332,4,3,2009-04-30 15:23:00,0.6896551724137931,30,4.356294916666663,14.727644637924822,1440,0.7,C,False,True
ramp_lineal__1440_0.70_07,0.03117389604449272,0.031589508056640625,0.046396390104355166,0.04971194286711437,0.04230810845064719,0.044335608246449866,0.0013103149831295013,0.008452506098171136,0.006287095735363821,0.0023970519520846514,-0.0002766718699362713,73.33333333333333,43.333333333333336,22,7,2009-09-01 04:23:00,0.6551724137931034,30,2.8929438750000003,13.945975570367562,1440,0.7,D,False,True
ramp_lineal__1440_0.70_12,0.024416787549853325,0.025345055386424065,0.07612135217140498,0.07489823675176076,0.06286975906130202,0.062402005673084425,0.0018505118787288666,0.0033239657883462163,0.0057972501979834945,-0.0005966375131553482,-0.0004266944453551639,33.33333333333333,36.666666666666664,5,5,2009-11-20 13:23:00,0.7931034482758621,30,4.432695645833334,17.000530464091764,1440,0.7,D,False,True
ramp_lineal__1440_0.70_13,0.026884347200393677,0.02949727140367031,0.056306921266779726,0.05504183750475856,0.04588123810637724,0.04490458563680278,0.005401505157351494,0.017643594327074717,0.01768453476940774,0.002448461023394664,0.0009601692026919311,63.33333333333333,63.33333333333333,8,8,2009-07-23 02:23:00,0.3103448275862069,30,2.7227244513888884,13.919100107299304,1440,0.7,D,False,True
ramp_lineal__1440_0.70_14,0.021771222352981567,0.022015927359461784,0.0787375983481648,0.07621117225475715,0.06566935527702614,0.0616946726230779,0.0011922689154744148,0.002779289514328114,0.0013757816906304846,-0.0012870394013412547,-0.0018279107201330475,30.0,23.333333333333332,6,6,2009-04-30 14:23:00,0.3448275862068966,30,5.485775444444446,16.489778216864128,1440,0.7,C,False,True
ramp_lineal__1440_0.70_15,0.03491964936256409,0.03492128103971481,0.07218338183340059,0.07218775863455437,0.05611014421508773,0.04888167351398219,0.0033812616020441055,0.008989308405224276,0.005085141058959479,-0.00015380333713388693,-0.0015262210853760189,40.0,40.0,5,5,2009-06-10 17:23:00,0.0,30,3.854517909722226,13.843676460611734,1440,0.7,C,False,True
ramp_lineal__1440_0.70_17,0.023604674264788628,0.023895977064967155,0.0815537120279045,0.08154869943362796,0.06451625138520825,0.0645084514544407,0.0014254748821258545,0.0027770732503582182,0.0035469056748321055,-0.0026525511579761143,-0.002017617910428228,30.0,30.0,7,7,2009-03-20 13:23:00,0.10344827586206896,30,3.732933472222229,15.107362008019471,1440,0.7,C,False,True
ramp_lineal__1440_0.70_18,0.02038685418665409,0.020598139613866806,0.06401161034773299,0.06072371418643643,0.05323806560482082,0.04764226317448722,0.0016252268105745316,0.0010198109831900566,0.0005851192238324511,-0.0017537860099421899,-0.002535803333067279,20.0,13.333333333333334,2,1,2009-03-31 13:23:00,0.6896551724137931,30,5.224965118055557,17.214736301609324,1440,0.7,C,False,True
ramp_lineal__1440_0.70_20,0.02464013546705246,0.02414662577211857,0.0815537120279045,0.0766570220530018,0.06451625138520825,0.059832621022802866,0.0011487994343042374,0.006732811806104218,0.0015516689925063817,-0.0011069253235188774,-0.0015093122831171236,50.0,33.33333333333333,8,5,2009-03-20 13:23:00,0.5862068965517241,30,3.95978938194445,17.494202374851408,1440,0.7,C,False,True
ramp_lineal__1440_0.70_21,0.034999649971723557,0.035777412354946136,0.06165395859526734,0.06623210218528669,0.0548116306013368,0.05643470100796822,0.0026608090847730637,0.013171510750145147,0.00990942006030066,0.0016143941173091085,0.00027683762622080567,66.66666666666666,53.333333333333336,9,5,2009-09-18 19:23:00,0.9655172413793104,30,3.4017119375,17.33238644083629,1440,0.7,D,False,True
ramp_lineal__1440_0.70_22,0.01832674816250801,0.018182814121246338,0.07223986125411729,0.06752609498551321,0.054872205418922564,0.054866957911792386,0.003157324157655239,0.0017901727926089642,0.0012478492608669726,-0.0018686209541808017,-0.0019564828404691776,23.333333333333332,16.666666666666664,2,2,2009-01-23 14:23:00,0.896551724137931,30,4.034943520833334,18.583048526154037,1440,0.7,C,False,True
ramp_lineal__1440_0.70_27,0.030552556738257408,0.03155198693275452,0.061566871215953015,0.06040226987095397,0.0508015799306078,0.04987483318193463,0.0021844804286956787,0.007957218675258674,0.005470350992597878,-9.708226634602124e-05,-0.0003378065976595087,40.0,50.0,5,6,2009-05-05 13:23:00,0.4482758620689655,30,4.982657680555555,17.264726720258096,1440,0.7,D,False,True
ramp_lineal__1440_0.70_28,0.03410934656858444,0.034845586866140366,0.05952582760296546,0.06375677112406143,0.046954986552147915,0.05078328994348612,0.0013044774532318115,0.006123340766733022,0.006421309006405994,0.0007959531951666876,-0.0005600934297207734,53.333333333333336,30.0,8,7,2009-09-16 18:23:00,0.27586206896551724,30,3.743197104166669,13.719301563788528,1440,0.7,C,False,True
ramp_lineal__1440_0.70_30,0.01856771484017372,0.01932312175631523,0.07224169021497494,0.06583485309332657,0.0599379225699113,0.053823075431084395,0.001840357668697834,0.002111831623123759,0.0020205322469203577,-0.003599895939259985,-0.0025957419078376826,23.333333333333332,26.666666666666668,4,3,2009-02-02 12:23:00,0.5172413793103449,30,3.9239642361111136,17.271273420795765,1440,0.7,C,False,True
ramp_lineal__1440_0.70_31,0.03692878410220146,0.03687983378767967,0.06102876507584261,0.06178314354243618,0.04448316966649284,0.04202256265050439,0.0011662524193525314,0.011822376415921314,0.005012961794683442,0.0016433082448053789,-0.00014083126030873795,73.33333333333333,66.66666666666666,16,6,2009-06-24 21:23:00,0.9655172413793104,30,3.755779409722223,16.56985871728506,1440,0.7,C,False,True
ramp_lineal__1440_0.70_32,0.02087283320724964,0.02148127369582653,0.08209237071578174,0.07714016440946568,0.06578551677723662,0.06108303211000663,0.0012761568650603294,0.0022313159024789572,0.002428010649273683,-0.0021293347126627132,-0.001577443928046175,10.0,16.666666666666664,1,1,2009-02-13 15:23:00,0.6206896551724138,30,5.140193902777781,17.369549364304493,1440,0.7,C,False,True
ramp_lineal__1440_0.70_33,0.024650754407048225,0.026598302647471428,0.06535535266178698,0.06431543066952353,0.052892738778021336,0.05198116316969494,0.0019475482404232025,0.006363673167440964,0.008742373463365694,-0.0004769186233321076,1.2971563789342834e-05,36.666666666666664,36.666666666666664,8,6,2009-04-09 13:23:00,0.20689655172413793,30,3.935805833333333,12.851820709997988,1440,0.7,C,False,True
ramp_lineal__1440_0.70_40,0.02973191812634468,0.029719797894358635,0.06433043735798767,0.06456718748652046,0.033539641260280986,0.030804589514217832,0.0015564635396003723,0.0019296182569794387,0.001663728493877555,-0.0016427621225873156,-0.001507124487427832,43.333333333333336,26.666666666666668,5,3,2009-04-26 18:23:00,0.10344827586206896,30,3.043664847222221,12.701235685425718,1440,0.7,C,False,True
ramp_lineal__1440_0.70_41,0.019336257129907608,0.020905354991555214,0.07868797565209219,0.07780668887352422,0.06358631644433499,0.061705584642698943,0.002553504891693592,0.0009947871993060617,0.0027515577279616094,-0.0017338026881059804,-0.0018572549480437536,13.333333333333334,16.666666666666664,2,5,2008-12-16 14:23:00,0.3793103448275862,30,4.334211472222222,14.175053054831803,1440,0.7,D,False,True
ramp_lineal__1440_0.70_42,0.020514823496341705,0.021271569654345512,0.08676378571566243,0.0846347177941935,0.06966633344861889,0.06644811453533175,0.001414562575519085,0.0001767686296250473,0.0009071359260413754,-0.003590586045507396,-0.002496543926011091,3.3333333333333335,16.666666666666664,1,4,2008-12-19 14:23:00,0.3448275862068966,30,4.4788458194444445,14.725133928408347,1440,0.7,D,False,True
ramp_lineal__1440_0.70_43,0.02228306047618389,0.02241460420191288,0.06895825685143689,0.06336289674253211,0.058421432959908766,0.05147325826126068,0.002223553601652384,0.0050663211208821154,0.004068335153868646,-0.0022722277685448045,-0.0026353189236712465,23.333333333333332,20.0,2,2,2009-03-03 16:23:00,0.5517241379310345,30,5.108527368055558,16.572568444180597,1440,0.7,C,False,True
ramp_lineal__1440_0.70_45,0.024614768102765083,0.025388352572917938,0.05657624520794133,0.0561982295376908,0.04393244170363154,0.04366428847714412,0.002091452479362488,0.006737101848712079,0.004772367493012622,-0.00188488867616831,-0.0018203687782895495,20.0,23.333333333333332,2,3,2009-11-06 12:23:00,0.13793103448275862,30,2.9345593888888857,12.791674597581723,1440,0.7,C,False,True
ramp_lineal__1440_0.70_46,0.03334797918796539,0.039014849811792374,0.06401171601961543,0.08403552260261625,0.04505543056921247,0.056960817213198796,0.005666870623826981,0.027453797362428242,0.011905386643986327,0.005233264135864895,0.0015458435730347552,56.666666666666664,50.0,15,8,2009-09-24 07:23:00,0.8275862068965517,30,3.196323409722225,11.882360951740136,1440,0.7,D,False,True
ramp_lineal__1440_0.70_49,0.018033858388662338,0.018962472677230835,0.06602955312954985,0.06420925168990946,0.05290346040990221,0.05068466896762569,0.0016053356230258942,0.003153411185124494,0.0036461811102252023,-0.0025930874929037144,-0.0012752632530514012,30.0,33.33333333333333,4,5,2009-02-16 23:23:00,0.5172413793103449,30,2.962223923611109,14.306321078790424,1440,0.7,D,False,True
