episode_id,paired_destination_id,shift_type,duration_minutes,onset_jump_kw,end_jump_kw,onset_jump_relative,end_jump_relative,detected_onset_zone_OR,detected_interior_OR,detected_end_zone_OR,detected_post_attack_OR,boundary_only_detection_OR,post_only_detection_OR,max_delta_score_H
D120_000_DAILY,D120_000,DAILY,120,-1.164,-0.1519999999999999,-0.892638036809816,-0.1088825214899713,False,False,False,False,False,False,0.1345387239114115
D120_000_WEEKLY,D120_000,WEEKLY,120,-1.084,-0.1719999999999999,-0.8312883435582822,-0.1214689265536722,False,False,False,False,False,False,0.0850375802283708
D120_001_DAILY,D120_001,DAILY,120,0.08,-0.154,0.2614379084967321,-0.5133333333333333,False,False,False,False,False,False,0.0651912672460183
D120_001_WEEKLY,D120_001,WEEKLY,120,-0.1399999999999999,-0.294,-0.457516339869281,-0.6681818181818183,False,False,False,False,False,False,0.0588318783962625
D120_002_DAILY,D120_002,DAILY,120,-0.246,-0.416,-0.0982428115015974,-0.4551422319474836,False,False,False,False,False,False,0.1728763436085972
D120_002_WEEKLY,D120_002,WEEKLY,120,-0.1240000000000001,0.1659999999999999,-0.0495207667731629,0.4999999999999999,False,False,False,False,False,False,0.3438773167514259
D120_003_DAILY,D120_003,DAILY,120,1.144,-0.152,3.345029239766081,-0.4871794871794871,False,False,False,False,False,False,0.4554759725462001
D120_003_WEEKLY,D120_003,WEEKLY,120,-0.01,-0.15,-0.0292397660818713,-0.4838709677419354,False,False,False,False,False,False,0.2827255314919598
D120_004_DAILY,D120_004,DAILY,120,0.734,1.164,3.5288461538461537,4.18705035971223,False,False,False,False,False,False,0.7298944414207108
D120_004_WEEKLY,D120_004,WEEKLY,120,0.184,1.202,0.8846153846153848,5.008333333333334,False,False,False,False,False,False,0.6241614778077804
D120_005_DAILY,D120_005,DAILY,120,-1.5999999999999996,1.344,-0.6314127861089186,4.450331125827814,False,False,False,False,False,False,0.8748159580291585
D120_005_WEEKLY,D120_005,WEEKLY,120,0.726,-0.3420000000000001,0.2865035516969219,-0.1720321931589537,False,False,False,False,False,False,0.0
D120_006_DAILY,D120_006,DAILY,120,-0.356,0.016,-0.536144578313253,0.0107816711590296,False,False,False,False,False,False,0.6578654247067118
D120_006_WEEKLY,D120_006,WEEKLY,120,-0.338,0.302,-0.5090361445783133,0.2520868113522538,False,False,False,False,False,False,0.5072529367665463
D120_007_DAILY,D120_007,DAILY,120,-0.0279999999999999,-0.082,-0.064516129032258,-0.25,False,False,False,False,False,False,0.5164533799635882
D120_007_WEEKLY,D120_007,WEEKLY,120,-0.3,-0.02,-0.6912442396313364,-0.0751879699248121,False,False,False,False,False,False,0.5495040724642111
D120_008_DAILY,D120_008,DAILY,120,1.19,2.466,5.509259259259259,18.96923076923077,False,False,False,False,False,False,0.5433071177844425
D120_008_WEEKLY,D120_008,WEEKLY,120,-0.004,2.04,-0.0185185185185185,3.669064748201439,False,False,False,False,False,False,0.0630531089620505
D120_009_DAILY,D120_009,DAILY,120,1.586,0.12,2.1146666666666665,0.5084745762711864,False,False,False,False,False,False,0.5685237477735919
D120_009_WEEKLY,D120_009,WEEKLY,120,0.146,0.2159999999999999,0.1946666666666666,1.5428571428571425,False,False,False,False,False,False,0.7409569721571934
D360_000_DAILY,D360_000,DAILY,360,-0.0339999999999999,-0.802,-0.0790697674418604,-0.5082382762991128,False,False,False,False,False,False,0.6117189911164763
D360_000_WEEKLY,D360_000,WEEKLY,360,0.9420000000000002,0.454,2.190697674418605,1.409937888198758,False,False,False,False,False,False,0.7168315788207151
D360_001_DAILY,D360_001,DAILY,360,-0.292,0.368,-0.1975642760487145,1.5593220338983051,False,False,False,False,False,False,0.7637114536639324
D360_001_WEEKLY,D360_001,WEEKLY,360,-0.1519999999999999,0.318,-0.1028416779431663,1.111888111888112,False,False,False,False,False,False,0.588873604096613
D360_002_DAILY,D360_002,DAILY,360,1.444,0.7839999999999999,6.11864406779661,1.2365930599369084,False,False,False,False,False,False,0.8146762896904535
D360_002_WEEKLY,D360_002,WEEKLY,360,-0.0139999999999999,0.0,-0.059322033898305,0.0,False,False,False,False,False,False,0.8228041574880726
D360_003_DAILY,D360_003,DAILY,360,-0.6960000000000001,0.034,-0.7451820128479658,0.1954022988505747,False,False,False,False,False,False,0.2055773436095782
D360_003_WEEKLY,D360_003,WEEKLY,360,-0.492,-0.09,-0.5267665952890792,-0.3020134228187919,False,False,False,False,False,False,0.3921522239816662
D360_004_DAILY,D360_004,DAILY,360,0.8840000000000001,-0.3259999999999999,2.0947867298578204,-0.3374741200828157,False,False,False,False,False,False,0.6885135365857236
D360_004_WEEKLY,D360_004,WEEKLY,360,0.9260000000000002,-0.5519999999999999,2.194312796208531,-0.4630872483221476,False,False,False,False,False,False,0.5615028341271745
D360_005_DAILY,D360_005,DAILY,360,-0.806,-1.5099999999999998,-0.459521094640821,-0.7980972515856236,False,False,False,False,False,False,0.685722861594196
D360_005_WEEKLY,D360_005,WEEKLY,360,-0.5700000000000001,0.064,-0.3249714937286203,0.2012578616352201,False,False,False,False,False,False,0.1975151182785839
D360_006_DAILY,D360_006,DAILY,360,-0.002,-0.3800000000000001,-0.0061728395061728,-0.2405063291139241,False,False,False,False,False,False,0.6125579664085639
D360_006_WEEKLY,D360_006,WEEKLY,360,0.0839999999999999,0.958,0.2592592592592591,3.958677685950413,False,False,False,False,False,False,0.7256476878730702
D360_007_DAILY,D360_007,DAILY,360,4.116,0.0399999999999999,2.792401628222524,0.1212121212121211,False,False,False,False,False,False,0.5317127472443665
D360_007_WEEKLY,D360_007,WEEKLY,360,-0.704,0.146,-0.4776119402985074,0.6517857142857142,False,False,False,False,False,False,0.7709253192703388
D360_008_DAILY,D360_008,DAILY,360,-0.784,0.116,-0.7140255009107468,0.5420560747663552,False,False,False,False,False,False,0.6676997758232194
D360_008_WEEKLY,D360_008,WEEKLY,360,-0.8760000000000001,0.12,-0.7978142076502732,0.5714285714285715,False,False,False,False,False,False,0.731935810533776
D360_009_DAILY,D360_009,DAILY,360,-0.926,-0.244,-0.71671826625387,-0.1342134213421342,False,False,False,False,False,False,0.7368688753843797
D360_009_WEEKLY,D360_009,WEEKLY,360,-1.05,1.1720000000000002,-0.8126934984520124,2.91542288557214,False,False,False,False,False,False,0.7951547424741962
D1440_000_DAILY,D1440_000,DAILY,1440,0.026,1.366,0.0534979423868313,2.8106995884773665,False,False,False,False,False,False,0.6824399250022256
D1440_000_WEEKLY,D1440_000,WEEKLY,1440,-0.13,1.41,-0.2674897119341564,3.1900452488687785,False,False,False,False,False,False,0.6845865398314411
D1440_001_DAILY,D1440_001,DAILY,1440,2.274,-0.102,5.830769230769231,-0.2615384615384616,False,False,False,False,False,False,0.8179317218142681
D1440_001_WEEKLY,D1440_001,WEEKLY,1440,-0.066,-1.114,-0.1692307692307692,-0.7945791726105563,False,False,False,False,False,False,0.6046202747234038
D1440_002_DAILY,D1440_002,DAILY,1440,2.648,1.0060000000000002,7.480225988700565,2.841807909604521,False,False,False,False,False,False,0.6441219918376049
D1440_002_WEEKLY,D1440_002,WEEKLY,1440,-0.072,1.144,-0.2033898305084746,5.296296296296297,False,False,True,False,True,False,0.9026324352749016
D1440_003_DAILY,D1440_003,DAILY,1440,0.7580000000000001,0.566,0.8896713615023476,0.664319248826291,False,False,False,False,False,False,0.8439951205342248
D1440_003_WEEKLY,D1440_003,WEEKLY,1440,1.04,0.016,1.2206572769953052,0.0114122681883024,False,False,False,False,False,False,0.6011872413783618
D1440_004_DAILY,D1440_004,DAILY,1440,-2.322,-0.8320000000000001,-0.9042056074766356,-0.32398753894081,False,False,False,False,False,False,0.7672380365408034
D1440_004_WEEKLY,D1440_004,WEEKLY,1440,-1.69,0.498,-0.6580996884735202,0.4022617124394184,False,False,False,False,False,False,0.7946114486834743
D1440_005_DAILY,D1440_005,DAILY,1440,0.0559999999999999,-0.016,0.1739130434782608,-0.0496894409937888,False,False,False,False,False,False,0.8037955302332095
D1440_005_WEEKLY,D1440_005,WEEKLY,1440,0.008,-0.022,0.0248447204968944,-0.0670731707317073,False,False,False,False,False,False,0.7468156177018169
D1440_006_DAILY,D1440_006,DAILY,1440,-1.282,-0.236,-0.7817073170731708,-0.1439024390243902,False,False,False,False,False,False,0.7463519239628393
D1440_006_WEEKLY,D1440_006,WEEKLY,1440,-0.3179999999999998,-1.626,-0.1939024390243901,-0.5366336633663367,False,False,False,False,False,False,0.7809284703519479
D1440_007_DAILY,D1440_007,DAILY,1440,-0.0579999999999999,0.114,-0.2636363636363636,0.5181818181818183,False,False,False,False,False,False,0.7691989981709162
D1440_007_WEEKLY,D1440_007,WEEKLY,1440,0.5660000000000001,0.0579999999999999,2.572727272727273,0.2101449275362318,False,False,False,False,False,False,0.7283888011158514
D1440_008_DAILY,D1440_008,DAILY,1440,-0.1059999999999999,-0.118,-0.358108108108108,-0.3986486486486486,False,False,False,False,False,False,0.5890922323819525
D1440_008_WEEKLY,D1440_008,WEEKLY,1440,-0.1599999999999999,-0.158,-0.5405405405405405,-0.4702380952380953,False,False,False,False,False,False,0.8310396873988869
D1440_009_DAILY,D1440_009,DAILY,1440,-1.058,-1.008,-0.4502127659574468,-0.4289361702127659,False,False,False,False,False,False,0.7483173894701648
D1440_009_WEEKLY,D1440_009,WEEKLY,1440,-2.03,1.098,-0.8638297872340426,4.500000000000001,False,False,False,False,False,False,0.8074736689607979
