artifact_name,path,type,split,fold,date_start,date_end,n_rows,hash,selected,reason,contains_test_information,mutable,validation_status
frozen_h_model,models/final_or_pretest/histgb_periodic_final.joblib,frozen_model_checkpoint,final_pretest_freeze,n/a,,,,17ac5ea3ad5ac5824389338a34d5b814316a2019e183a319bfa632b32df7bc6e,True,Unico modelo H ya entrenado y congelado disponible; se reutiliza via predict() puro,False,False,OK
frozen_h_profile,models/final_or_pretest/profile_train_final.joblib,frozen_artifact,final_pretest_freeze,n/a,,,,0f069e58055e753698bfea3c3fd2e130c0f025be20138935b0c4b3bb06df210e,True,Perfil historico congelado usado por H para las features PERIODIC,False,False,OK
threshold_p_final,models/final_or_pretest/threshold_p_final.json,frozen_threshold,final_pretest_freeze,n/a,,,,3d77d722889a5ff4d478afe1bc7cb48d116639c2bcde82882fbb454d0c182025,True,Umbral P congelado = 0.049748,False,False,OK
threshold_h_final,models/final_or_pretest/threshold_h_final.json,frozen_threshold,final_pretest_freeze,n/a,,,,be4d1b083aa1b7d3eb6a05539c2fc9a2d4d568c91b554ae6a9ddd99d80cb3d30,True,Umbral H congelado = 0.883628,False,False,OK
decision_config,models/auditoria_final_p_vs_or/configuracion_final_decision_pretest.json,frozen_config,pretest,n/a,,,,f53c6a4fc1d148ef0561b84f56089b2f5778afb7d0486c48446022f3fde638f9,True,Decision de arquitectura ya cerrada; se verifica sin recomparar,False,False,OK
edo_umbrales_p,results/tables/energy_distance_operativo/02_umbrales_calibrados.csv,frozen_threshold_table,pretest,n/a,,,,4acfb00ba86e0ef20e1405eec4f6383485ebe6bb9c173b6ad27240ddd22e1b84,True,Umbral P global (P_MULTI_SEASON) leido por optimizacion_histgb_periodic.cargar_p_global,False,False,OK
congelacion_config,models/final_or_pretest/configuracion_final_or_pretest.json,frozen_config,final_pretest_freeze,n/a,,,,4377037c9b9f7945b3eb06088a65c801e556fb7449e7778d712b18a11c4648ad,False,"Referencia informativa, no se reutiliza directamente en este piloto",False,False,OK
test_attacks_v2,manifests/test_attacks_v2/attack_manifest_test_v2.csv,attack_manifest,test,n/a,,,,0f4aaed2c570ca63b5a2fd7a75acdd8ebb287d4a45089f07bff7142373fbdee1,False,Manifiesto del TEST FINAL -- PROHIBIDO en este piloto (solo pre-test),True,False,OK
threshold_tradeoff_selected,experiments/threshold_tradeoff/tables/selected_operating_points.csv,other_experiment_output,n/a,n/a,,,,29418bd5b209a8ee40a106c812957a470ff33fdd79880135410284a80e380429,False,Experimento anterior independiente; no se modifica ni se reutiliza aqui,False,False,OK
