episode_id,paired_destination_id,shift_type,shift_minutes,duration_minutes,destination_start,destination_end,source_start,source_end,quarter,daypart,is_weekend,fold,split,seed,source_valid,destination_valid,p_context_valid,h_context_valid,post_context_valid,selected,rejection_reason,manifest_version,manifest_hash,detected_standard_P,detected_standard_H,detected_standard_OR,detected_onset_zone_P,detected_interior_P,detected_end_zone_P,detected_post_attack_P,detected_induced_P,preexisting_alert_P,detected_onset_zone_H,detected_interior_H,detected_end_zone_H,detected_post_attack_H,detected_induced_H,preexisting_alert_H,detected_onset_zone_OR,detected_interior_OR,detected_end_zone_OR,detected_post_attack_OR,detected_induced_OR,preexisting_alert_OR,first_detection_timestamp,first_detection_zone,delay_minutes,boundary_only_detection_P,post_only_detection_P,boundary_only_detection_H,post_only_detection_H,boundary_only_detection_OR,post_only_detection_OR,detected_by_P,detected_by_H,detected_by_OR,P_only,H_only,both,max_score_H_clean,max_score_H_attack,max_delta_score_H,boundary_width_minutes,preexisting_alert,clean_energy_kwh,replay_energy_kwh,hidden_energy_kwh,hidden_energy_fraction,economic_category,tolerance_used,source_destination_mae,source_destination_rmse,source_destination_correlation,diff_mean,diff_median,diff_p95,onset_jump_kw,end_jump_kw,onset_jump_relative,end_jump_relative,manifest_hash_used,valid_episode,warnings
D120_000_DAILY,D120_000,DAILY,1440,120,2009-06-26 06:30:00,2009-06-26 08:30:00,2009-06-25 06:30:00,2009-06-25 08:30:00,2,mañana,False,FINAL_CAL_POOL_180,pretest,20260801,True,True,True,True,True,True,,3,5173d35931d318921622ccfd75843d17780c92bcc17a3f130b1c4f33bb627813,False,False,False,False,False,False,False,False,False,False,False,False,False,False,False,False,False,False,False,False,False,,none,,False,False,False,False,False,False,False,False,False,False,False,False,0.49030592146106233,0.49030592146106233,0.1345387239114115,30,False,3.230366666666667,2.9421333333333335,0.28823333333333334,0.08922619723251231,underreporting,0.03230366666666667,0.3699166666666666,0.6826023000254248,0.3042536942025207,0.14411666666666664,0.08199999999999996,1.2518999999999993,-1.1640000000000001,-0.1519999999999999,-0.892638036809816,-0.1088825214899713,5173d35931d318921622ccfd75843d17780c92bcc17a3f130b1c4f33bb627813,True,
D120_000_WEEKLY,D120_000,WEEKLY,10080,120,2009-06-26 06:30:00,2009-06-26 08:30:00,2009-06-19 06:30:00,2009-06-19 08:30:00,2,mañana,False,FINAL_CAL_POOL_180,pretest,20260801,True,True,True,True,True,True,,3,5173d35931d318921622ccfd75843d17780c92bcc17a3f130b1c4f33bb627813,False,False,False,False,False,False,False,False,False,False,False,False,False,False,False,False,False,False,False,False,False,,none,,False,False,False,False,False,False,False,False,False,False,False,False,0.49030592146106233,0.49030592146106233,0.08503758022837088,30,False,3.230366666666667,3.6485333333333334,-0.4181666666666666,-0.12944866939769475,overreporting,0.03230366666666667,0.7973499999999999,1.1241777291276795,-0.1214868354512465,-0.20908333333333337,-0.16600000000000004,2.2541999999999995,-1.084,-0.17199999999999993,-0.8312883435582822,-0.12146892655367228,5173d35931d318921622ccfd75843d17780c92bcc17a3f130b1c4f33bb627813,True,
D120_001_DAILY,D120_001,DAILY,1440,120,2009-07-06 02:17:00,2009-07-06 04:17:00,2009-07-05 02:17:00,2009-07-05 04:17:00,3,madrugada,False,FINAL_CAL_POOL_180,pretest,20260801,True,True,True,True,True,True,,3,5173d35931d318921622ccfd75843d17780c92bcc17a3f130b1c4f33bb627813,False,False,False,False,False,False,False,False,False,False,False,False,False,False,False,False,False,False,False,False,False,,none,,False,False,False,False,False,False,False,False,False,False,False,False,0.634473636108497,0.634473636108497,0.06519126724601838,30,False,0.6804,0.8717999999999999,-0.1913999999999999,-0.2813051146384478,overreporting,0.01,0.1612333333333333,0.2385077217478154,0.463066055775534,-0.09569999999999998,-0.10200000000000004,0.41429999999999995,0.08000000000000002,-0.154,0.2614379084967321,-0.5133333333333333,5173d35931d318921622ccfd75843d17780c92bcc17a3f130b1c4f33bb627813,True,
D120_001_WEEKLY,D120_001,WEEKLY,10080,120,2009-07-06 02:17:00,2009-07-06 04:17:00,2009-06-29 02:17:00,2009-06-29 04:17:00,3,madrugada,False,FINAL_CAL_POOL_180,pretest,20260801,True,True,True,True,True,True,,3,5173d35931d318921622ccfd75843d17780c92bcc17a3f130b1c4f33bb627813,False,False,False,False,False,False,False,False,False,False,False,False,False,False,False,False,False,False,False,False,False,,none,,False,False,False,False,False,False,False,False,False,False,False,False,0.634473636108497,0.634473636108497,0.05883187839626253,30,False,0.6804,0.9593666666666666,-0.2789666666666666,-0.4100039192631784,overreporting,0.01,0.25271666666666665,0.3191984231372914,-0.15177681571797466,-0.13948333333333332,-0.149,0.5720999999999999,-0.13999999999999999,-0.29400000000000004,-0.45751633986928103,-0.6681818181818183,5173d35931d318921622ccfd75843d17780c92bcc17a3f130b1c4f33bb627813,True,
D120_002_DAILY,D120_002,DAILY,1440,120,2009-11-17 21:24:00,2009-11-17 23:24:00,2009-11-16 21:24:00,2009-11-16 23:24:00,4,noche,False,FINAL_CAL_POOL_180,pretest,20260801,True,True,True,True,True,True,,3,5173d35931d318921622ccfd75843d17780c92bcc17a3f130b1c4f33bb627813,False,False,False,False,False,False,False,False,False,False,False,False,False,False,False,False,False,False,False,False,False,,none,,False,False,False,False,False,False,False,False,False,False,False,False,0.6774435071229898,0.6404376659364972,0.17287634360859727,30,False,3.1040333333333336,3.991333333333334,-0.8873000000000002,-0.28585388902610587,overreporting,0.031040333333333336,0.7464833333333333,0.8566863097618248,0.6576092814853698,-0.44365,-0.5549999999999998,1.3406,-0.246,-0.41600000000000004,-0.09824281150159744,-0.4551422319474836,5173d35931d318921622ccfd75843d17780c92bcc17a3f130b1c4f33bb627813,True,
D120_002_WEEKLY,D120_002,WEEKLY,10080,120,2009-11-17 21:24:00,2009-11-17 23:24:00,2009-11-10 21:24:00,2009-11-10 23:24:00,4,noche,False,FINAL_CAL_POOL_180,pretest,20260801,True,True,True,True,True,True,,3,5173d35931d318921622ccfd75843d17780c92bcc17a3f130b1c4f33bb627813,False,False,False,False,False,False,False,False,False,False,False,False,False,False,False,False,False,False,False,False,False,,none,,False,False,False,False,False,False,False,False,False,False,False,False,0.6774435071229898,0.7464999633412981,0.34387731675142597,30,False,3.1040333333333336,2.6222,0.4818333333333338,0.15522814402766305,underreporting,0.031040333333333336,0.2913166666666667,0.3793765499693763,0.9539900313782658,0.24091666666666667,0.17000000000000004,0.6156000000000003,-0.12400000000000011,0.16599999999999998,-0.049520766773162986,0.4999999999999999,5173d35931d318921622ccfd75843d17780c92bcc17a3f130b1c4f33bb627813,True,
D120_003_DAILY,D120_003,DAILY,1440,120,2009-06-28 01:04:00,2009-06-28 03:04:00,2009-06-27 01:04:00,2009-06-27 03:04:00,2,madrugada,True,FINAL_CAL_POOL_180,pretest,20260801,True,True,True,True,True,True,,3,5173d35931d318921622ccfd75843d17780c92bcc17a3f130b1c4f33bb627813,False,False,False,False,False,False,False,False,False,False,False,False,False,False,False,False,False,False,False,False,False,,none,,False,False,False,False,False,False,False,False,False,False,False,False,0.7250376938784552,0.7250376938784552,0.4554759725462001,30,False,0.6715666666666668,1.7606000000000002,-1.0890333333333335,-1.621631012061349,overreporting,0.01,0.6163500000000001,0.9360448885247616,-0.0024861819897691794,-0.5445166666666666,-0.17799999999999996,2.3603,1.144,-0.152,3.3450292397660815,-0.48717948717948717,5173d35931d318921622ccfd75843d17780c92bcc17a3f130b1c4f33bb627813,True,
D120_003_WEEKLY,D120_003,WEEKLY,10080,120,2009-06-28 01:04:00,2009-06-28 03:04:00,2009-06-21 01:04:00,2009-06-21 03:04:00,2,madrugada,True,FINAL_CAL_POOL_180,pretest,20260801,True,True,True,True,True,True,,3,5173d35931d318921622ccfd75843d17780c92bcc17a3f130b1c4f33bb627813,False,False,False,False,False,False,False,False,False,False,False,False,False,False,False,False,False,False,False,False,False,,none,,False,False,False,False,False,False,False,False,False,False,False,False,0.7250376938784552,0.7250376938784552,0.28272553149195984,30,False,0.6715666666666668,0.6891666666666667,-0.01759999999999995,-0.026207375787958426,overreporting,0.01,0.17933333333333337,0.2547856615536544,-0.13645340617688967,-0.008799999999999994,-0.0020000000000000018,0.6547,-0.010000000000000009,-0.15,-0.029239766081871368,-0.48387096774193544,5173d35931d318921622ccfd75843d17780c92bcc17a3f130b1c4f33bb627813,True,
D120_004_DAILY,D120_004,DAILY,1440,120,2009-07-23 07:02:00,2009-07-23 09:02:00,2009-07-22 07:02:00,2009-07-22 09:02:00,3,mañana,False,FINAL_CAL_POOL_180,pretest,20260801,True,True,True,True,True,True,,3,5173d35931d318921622ccfd75843d17780c92bcc17a3f130b1c4f33bb627813,False,False,False,False,False,False,False,False,False,False,False,False,False,False,False,False,False,False,False,False,False,,none,,False,False,False,False,False,False,False,False,False,False,False,False,0.8528216601201462,0.7298944414207108,0.7298944414207108,30,False,1.4071000000000002,1.4656333333333333,-0.058533333333333104,-0.0415985596854048,overreporting,0.014071000000000002,0.8918333333333333,1.0441154470012723,-0.5090388573295505,-0.029266666666666663,0.05200000000000002,1.7086,0.734,1.164,3.5288461538461537,4.18705035971223,5173d35931d318921622ccfd75843d17780c92bcc17a3f130b1c4f33bb627813,True,
D120_004_WEEKLY,D120_004,WEEKLY,10080,120,2009-07-23 07:02:00,2009-07-23 09:02:00,2009-07-16 07:02:00,2009-07-16 09:02:00,3,mañana,False,FINAL_CAL_POOL_180,pretest,20260801,True,True,True,True,True,True,,3,5173d35931d318921622ccfd75843d17780c92bcc17a3f130b1c4f33bb627813,False,False,False,False,False,False,False,False,False,False,False,False,False,False,False,False,False,False,False,False,False,,none,,False,False,False,False,False,False,False,False,False,False,False,False,0.8528216601201462,0.7418481368813009,0.6241614778077804,30,False,1.4071000000000002,0.7645333333333333,0.642566666666667,0.4566602705327744,underreporting,0.014071000000000002,0.48255,0.6804359631883077,0.1810293643253467,0.32128333333333337,-0.006999999999999992,1.2949999999999997,0.18400000000000002,1.202,0.8846153846153848,5.008333333333334,5173d35931d318921622ccfd75843d17780c92bcc17a3f130b1c4f33bb627813,True,
D120_005_DAILY,D120_005,DAILY,1440,120,2009-11-28 17:53:00,2009-11-28 19:53:00,2009-11-27 17:53:00,2009-11-27 19:53:00,4,tarde,True,FINAL_CAL_POOL_180,pretest,20260801,True,True,True,True,True,True,,3,5173d35931d318921622ccfd75843d17780c92bcc17a3f130b1c4f33bb627813,False,False,False,False,False,False,False,False,False,False,False,False,False,False,False,False,False,False,False,False,False,,none,,False,False,False,False,False,False,False,False,False,False,False,False,0.4042513077339485,0.8748159580291585,0.8748159580291585,30,False,4.718699999999999,2.682466666666667,2.0362333333333322,0.431524219241175,underreporting,0.04718699999999999,1.0607833333333334,1.41645648244719,0.07851490251514281,1.0181166666666668,1.0070000000000001,2.7531000000000008,-1.5999999999999996,1.3439999999999999,-0.6314127861089186,4.450331125827814,5173d35931d318921622ccfd75843d17780c92bcc17a3f130b1c4f33bb627813,True,
D120_005_WEEKLY,D120_005,WEEKLY,10080,120,2009-11-28 17:53:00,2009-11-28 19:53:00,2009-11-21 17:53:00,2009-11-21 19:53:00,4,tarde,True,FINAL_CAL_POOL_180,pretest,20260801,True,True,True,True,True,True,,3,5173d35931d318921622ccfd75843d17780c92bcc17a3f130b1c4f33bb627813,False,False,False,False,False,False,False,False,False,False,False,False,False,False,False,False,False,False,False,False,False,,none,,False,False,False,False,False,False,False,False,False,False,False,False,0.4042513077339485,0.4042513077339485,0.0,30,False,4.718699999999999,7.781033333333334,-3.062333333333335,-0.6489781790182328,overreporting,0.04718699999999999,1.5977666666666663,2.036060739107096,0.2649885566901793,-1.5311666666666668,-1.391,3.7087000000000003,0.726,-0.3420000000000001,0.2865035516969219,-0.17203219315895377,5173d35931d318921622ccfd75843d17780c92bcc17a3f130b1c4f33bb627813,True,
D120_006_DAILY,D120_006,DAILY,1440,120,2009-06-26 15:42:00,2009-06-26 17:42:00,2009-06-25 15:42:00,2009-06-25 17:42:00,2,tarde,False,FINAL_CAL_POOL_180,pretest,20260801,True,True,True,True,True,True,,3,5173d35931d318921622ccfd75843d17780c92bcc17a3f130b1c4f33bb627813,False,False,False,False,False,False,False,False,False,False,False,False,False,False,False,False,False,False,False,False,False,,none,,False,False,False,False,False,False,False,False,False,False,False,False,0.6919082159379547,0.6919082159379547,0.6578654247067118,30,False,1.3634,0.8018666666666666,0.5615333333333333,0.41186250061121704,underreporting,0.013634,0.3844,0.5738323216178515,0.5318863231611477,0.28076666666666666,0.09700000000000002,1.3916999999999997,-0.35600000000000004,0.016000000000000014,-0.536144578313253,0.010781671159029659,5173d35931d318921622ccfd75843d17780c92bcc17a3f130b1c4f33bb627813,True,
D120_006_WEEKLY,D120_006,WEEKLY,10080,120,2009-06-26 15:42:00,2009-06-26 17:42:00,2009-06-19 15:42:00,2009-06-19 17:42:00,2,tarde,False,FINAL_CAL_POOL_180,pretest,20260801,True,True,True,True,True,True,,3,5173d35931d318921622ccfd75843d17780c92bcc17a3f130b1c4f33bb627813,False,False,False,False,False,False,False,False,False,False,False,False,False,False,False,False,False,False,False,False,False,,none,,False,False,False,False,False,False,False,False,False,False,False,False,0.6919082159379547,0.7035378613589758,0.5072529367665463,30,False,1.3634,1.2874666666666665,0.07593333333333341,0.055694098088113105,underreporting,0.013634,0.27059999999999995,0.42473011038383734,0.7134077927536654,0.03796666666666666,0.06499999999999984,0.9401999999999999,-0.338,0.30200000000000005,-0.5090361445783133,0.2520868113522538,5173d35931d318921622ccfd75843d17780c92bcc17a3f130b1c4f33bb627813,True,
D120_007_DAILY,D120_007,DAILY,1440,120,2009-10-04 00:31:00,2009-10-04 02:31:00,2009-10-03 00:31:00,2009-10-03 02:31:00,4,madrugada,True,FINAL_CAL_POOL_180,pretest,20260801,True,True,True,True,True,True,,3,5173d35931d318921622ccfd75843d17780c92bcc17a3f130b1c4f33bb627813,False,False,False,False,False,False,False,False,False,False,False,False,False,False,False,False,False,False,False,False,False,,none,,False,False,False,False,False,False,False,False,False,False,False,False,0.633265326685086,0.7114378375130804,0.5164533799635882,30,False,0.8499000000000001,0.5790666666666666,0.2708333333333335,0.318664940973448,underreporting,0.01,0.21441666666666664,0.30437438569410974,-0.02292015363355355,0.13541666666666666,0.068,0.6683,-0.02799999999999997,-0.08200000000000002,-0.064516129032258,-0.25000000000000006,5173d35931d318921622ccfd75843d17780c92bcc17a3f130b1c4f33bb627813,True,
D120_007_WEEKLY,D120_007,WEEKLY,10080,120,2009-10-04 00:31:00,2009-10-04 02:31:00,2009-09-27 00:31:00,2009-09-27 02:31:00,4,madrugada,True,FINAL_CAL_POOL_180,pretest,20260801,True,True,True,True,True,True,,3,5173d35931d318921622ccfd75843d17780c92bcc17a3f130b1c4f33bb627813,False,False,False,False,False,False,False,False,False,False,False,False,False,False,False,False,False,False,False,False,False,,none,,False,False,False,False,False,False,False,False,False,False,False,False,0.633265326685086,0.6911693396504569,0.5495040724642111,30,False,0.8499000000000001,0.5252666666666668,0.32463333333333333,0.3819665058634349,underreporting,0.01,0.21465000000000004,0.28740755035315274,0.08205471630123043,0.1623166666666667,0.17099999999999999,0.6174,-0.3,-0.020000000000000018,-0.6912442396313364,-0.0751879699248121,5173d35931d318921622ccfd75843d17780c92bcc17a3f130b1c4f33bb627813,True,
D120_008_DAILY,D120_008,DAILY,1440,120,2009-07-14 09:41:00,2009-07-14 11:41:00,2009-07-13 09:41:00,2009-07-13 11:41:00,3,mañana,False,FINAL_CAL_POOL_180,pretest,20260801,True,True,True,True,True,True,,3,5173d35931d318921622ccfd75843d17780c92bcc17a3f130b1c4f33bb627813,False,False,False,False,False,False,False,False,False,False,False,False,False,False,False,False,False,False,False,False,False,,none,,False,False,False,False,False,False,False,False,False,False,False,False,0.698206170839144,0.8209151977536684,0.5433071177844425,30,False,0.9410333333333334,0.9141333333333334,0.026900000000000035,0.028585597392936878,underreporting,0.01,0.45258333333333334,0.8097520402361865,-0.1153811964254037,0.013450000000000023,0.0059999999999999915,2.4504,1.19,2.466,5.509259259259259,18.96923076923077,5173d35931d318921622ccfd75843d17780c92bcc17a3f130b1c4f33bb627813,True,
D120_008_WEEKLY,D120_008,WEEKLY,10080,120,2009-07-14 09:41:00,2009-07-14 11:41:00,2009-07-07 09:41:00,2009-07-07 11:41:00,3,mañana,False,FINAL_CAL_POOL_180,pretest,20260801,True,True,True,True,True,True,,3,5173d35931d318921622ccfd75843d17780c92bcc17a3f130b1c4f33bb627813,False,False,False,False,False,False,False,False,False,False,False,False,False,False,False,False,False,False,False,False,False,,none,,False,False,False,False,False,False,False,False,False,False,False,False,0.698206170839144,0.6284544732130427,0.06305310896205052,30,False,0.9410333333333334,1.562533333333333,-0.6214999999999997,-0.660444192554284,overreporting,0.01,0.6646166666666667,0.9056657403994772,-0.03418722769448692,-0.31074999999999997,-0.17,1.8788999999999996,-0.0040000000000000036,2.04,-0.018518518518518535,3.6690647482014387,5173d35931d318921622ccfd75843d17780c92bcc17a3f130b1c4f33bb627813,True,
D120_009_DAILY,D120_009,DAILY,1440,120,2009-06-28 23:00:00,2009-06-29 01:00:00,2009-06-27 23:00:00,2009-06-28 01:00:00,2,noche,True,FINAL_CAL_POOL_180,pretest,20260801,True,True,True,True,True,True,,3,5173d35931d318921622ccfd75843d17780c92bcc17a3f130b1c4f33bb627813,False,False,False,False,False,False,False,False,False,False,False,False,False,False,False,False,False,False,False,False,False,,none,,False,False,False,False,False,False,False,False,False,False,False,False,0.5314610408608424,0.5940377206384885,0.5685237477735919,30,False,1.1258333333333332,1.4860333333333335,-0.3602000000000003,-0.31994078460399733,overreporting,0.011258333333333332,0.49223333333333336,0.7587049053046471,0.16443693365035075,-0.1801,0.020000000000000018,1.7679999999999996,1.5859999999999999,0.12,2.1146666666666665,0.5084745762711864,5173d35931d318921622ccfd75843d17780c92bcc17a3f130b1c4f33bb627813,True,
D120_009_WEEKLY,D120_009,WEEKLY,10080,120,2009-06-28 23:00:00,2009-06-29 01:00:00,2009-06-21 23:00:00,2009-06-22 01:00:00,2,noche,True,FINAL_CAL_POOL_180,pretest,20260801,True,True,True,True,True,True,,3,5173d35931d318921622ccfd75843d17780c92bcc17a3f130b1c4f33bb627813,False,False,False,False,False,False,False,False,False,False,False,False,False,False,False,False,False,False,False,False,False,,none,,False,False,False,False,False,False,False,False,False,False,False,False,0.5314610408608424,0.7409569721571934,0.7409569721571934,30,False,1.1258333333333332,0.7202000000000001,0.4056333333333332,0.3602960769800147,underreporting,0.011258333333333332,0.2625166666666667,0.42931965557922763,0.04568533937834173,0.20281666666666667,0.07900000000000001,1.1069,0.14600000000000002,0.21599999999999997,0.19466666666666668,1.5428571428571425,5173d35931d318921622ccfd75843d17780c92bcc17a3f130b1c4f33bb627813,True,
D360_000_DAILY,D360_000,DAILY,1440,360,2009-06-30 12:32:00,2009-06-30 18:32:00,2009-06-29 12:32:00,2009-06-29 18:32:00,2,tarde,False,FINAL_CAL_POOL_180,pretest,20260801,True,True,True,True,True,True,,3,5173d35931d318921622ccfd75843d17780c92bcc17a3f130b1c4f33bb627813,False,False,False,False,False,False,False,False,False,False,False,False,False,False,False,False,False,False,False,False,False,,none,,False,False,False,False,False,False,False,False,False,False,False,False,0.6724162654169518,0.6724162654169518,0.6117189911164763,60,False,4.3105,3.2407333333333335,1.0697666666666668,0.24817693229710397,underreporting,0.043105000000000004,0.5035055555555555,0.7620984698697261,-0.015147137513214243,0.17829444444444448,0.135,1.870000000000001,-0.033999999999999975,-0.802,-0.07906976744186041,-0.5082382762991128,5173d35931d318921622ccfd75843d17780c92bcc17a3f130b1c4f33bb627813,True,
D360_000_WEEKLY,D360_000,WEEKLY,10080,360,2009-06-30 12:32:00,2009-06-30 18:32:00,2009-06-23 12:32:00,2009-06-23 18:32:00,2,tarde,False,FINAL_CAL_POOL_180,pretest,20260801,True,True,True,True,True,True,,3,5173d35931d318921622ccfd75843d17780c92bcc17a3f130b1c4f33bb627813,False,False,False,False,False,False,False,False,False,False,False,False,False,False,False,False,False,False,False,False,False,,none,,False,False,False,False,False,False,False,False,False,False,False,False,0.6724162654169518,0.7756753015275727,0.7168315788207151,60,False,4.3105,1.6155333333333333,2.6949666666666667,0.6252097591153385,underreporting,0.043105000000000004,0.48845000000000005,0.7633571830335317,0.09792611816260667,0.4491611111111111,0.29500000000000004,2.0006,0.9420000000000002,0.454,2.190697674418605,1.4099378881987579,5173d35931d318921622ccfd75843d17780c92bcc17a3f130b1c4f33bb627813,True,
D360_001_DAILY,D360_001,DAILY,1440,360,2009-09-09 11:20:00,2009-09-09 17:20:00,2009-09-08 11:20:00,2009-09-08 17:20:00,3,mañana,False,FINAL_CAL_POOL_180,pretest,20260801,True,True,True,True,True,True,,3,5173d35931d318921622ccfd75843d17780c92bcc17a3f130b1c4f33bb627813,False,False,False,False,False,False,False,False,False,False,False,False,False,False,False,False,False,False,False,False,False,,none,,False,False,False,False,False,False,False,False,False,False,False,False,0.5945376399980127,0.7637114536639324,0.7637114536639324,60,False,6.675266666666668,2.2323666666666666,4.442900000000002,0.665576406435698,underreporting,0.06675266666666668,0.7915833333333334,1.1699782666547462,0.057957847755564694,0.7404833333333332,0.30200000000000005,2.4703,-0.29200000000000004,0.368,-0.19756427604871452,1.5593220338983051,5173d35931d318921622ccfd75843d17780c92bcc17a3f130b1c4f33bb627813,True,
D360_001_WEEKLY,D360_001,WEEKLY,10080,360,2009-09-09 11:20:00,2009-09-09 17:20:00,2009-09-02 11:20:00,2009-09-02 17:20:00,3,mañana,False,FINAL_CAL_POOL_180,pretest,20260801,True,True,True,True,True,True,,3,5173d35931d318921622ccfd75843d17780c92bcc17a3f130b1c4f33bb627813,False,False,False,False,False,False,False,False,False,False,False,False,False,False,False,False,False,False,False,False,False,,none,,False,False,False,False,False,False,False,False,False,False,False,False,0.5945376399980127,0.6158286160644459,0.588873604096613,60,False,6.675266666666668,3.4802333333333326,3.1950333333333356,0.47863755755075976,underreporting,0.06675266666666668,0.6125388888888889,1.02455069285137,0.22444229936648058,0.5325055555555556,0.13599999999999995,2.2411,-0.1519999999999999,0.318,-0.10284167794316638,1.111888111888112,5173d35931d318921622ccfd75843d17780c92bcc17a3f130b1c4f33bb627813,True,
D360_002_DAILY,D360_002,DAILY,1440,360,2009-10-11 07:05:00,2009-10-11 13:05:00,2009-10-10 07:05:00,2009-10-10 13:05:00,4,mañana,True,FINAL_CAL_POOL_180,pretest,20260801,True,True,True,True,True,True,,3,5173d35931d318921622ccfd75843d17780c92bcc17a3f130b1c4f33bb627813,False,False,False,False,False,False,False,False,False,False,False,False,False,False,False,False,False,False,False,False,False,,none,,False,False,False,False,False,False,False,False,False,False,False,False,0.7154157190742977,0.8146762896904535,0.8146762896904535,60,False,13.1619,7.279733333333332,5.882166666666667,0.44690862768040085,underreporting,0.13161899999999999,1.958538888888889,2.4135347130528517,-0.5679171075391618,0.9803611111111111,1.0030000000000001,5.0381,1.444,0.7839999999999999,6.11864406779661,1.2365930599369084,5173d35931d318921622ccfd75843d17780c92bcc17a3f130b1c4f33bb627813,True,
D360_002_WEEKLY,D360_002,WEEKLY,10080,360,2009-10-11 07:05:00,2009-10-11 13:05:00,2009-10-04 07:05:00,2009-10-04 13:05:00,4,mañana,True,FINAL_CAL_POOL_180,pretest,20260801,True,True,True,True,True,True,,3,5173d35931d318921622ccfd75843d17780c92bcc17a3f130b1c4f33bb627813,True,False,True,False,False,False,False,False,False,False,False,False,False,False,False,False,False,False,False,False,False,,none,,False,False,False,False,False,False,False,False,False,False,False,False,0.7154157190742977,0.8228041574880726,0.8228041574880726,60,False,13.1619,6.822699999999999,6.3392,0.4816325910392877,underreporting,0.13161899999999999,1.3806888888888889,1.8673324526952584,0.4232016188277035,1.0565333333333333,0.8909999999999999,4.179700000000001,-0.013999999999999985,0.0,-0.059322033898305024,0.0,5173d35931d318921622ccfd75843d17780c92bcc17a3f130b1c4f33bb627813,True,
D360_003_DAILY,D360_003,DAILY,1440,360,2009-06-26 00:16:00,2009-06-26 06:16:00,2009-06-25 00:16:00,2009-06-25 06:16:00,2,madrugada,False,FINAL_CAL_POOL_180,pretest,20260801,True,True,True,True,True,True,,3,5173d35931d318921622ccfd75843d17780c92bcc17a3f130b1c4f33bb627813,False,False,False,False,False,False,False,False,False,False,False,False,False,False,False,False,False,False,False,False,False,,none,,False,False,False,False,False,False,False,False,False,False,False,False,0.6802832948602757,0.6802832948602757,0.20557734360957827,60,False,1.7047666666666668,1.6261666666666665,0.07860000000000023,0.04610601646364129,underreporting,0.01704766666666667,0.09508888888888889,0.1808983139777704,0.4812631569964857,0.0131,-0.0020000000000000018,0.46410000000000007,-0.6960000000000001,0.034,-0.7451820128479658,0.19540229885057475,5173d35931d318921622ccfd75843d17780c92bcc17a3f130b1c4f33bb627813,True,
D360_003_WEEKLY,D360_003,WEEKLY,10080,360,2009-06-26 00:16:00,2009-06-26 06:16:00,2009-06-19 00:16:00,2009-06-19 06:16:00,2,madrugada,False,FINAL_CAL_POOL_180,pretest,20260801,True,True,True,True,True,True,,3,5173d35931d318921622ccfd75843d17780c92bcc17a3f130b1c4f33bb627813,False,False,False,False,False,False,False,False,False,False,False,False,False,False,False,False,False,False,False,False,False,,none,,False,False,False,False,False,False,False,False,False,False,False,False,0.6802832948602757,0.6802832948602757,0.3921522239816662,60,False,1.7047666666666668,2.2902,-0.5854333333333333,-0.34340965528029244,overreporting,0.01704766666666667,0.22935,0.40434348709427176,0.11565147862212699,-0.09757222222222221,-0.021999999999999992,0.9942000000000001,-0.49200000000000005,-0.09,-0.5267665952890792,-0.30201342281879195,5173d35931d318921622ccfd75843d17780c92bcc17a3f130b1c4f33bb627813,True,
D360_004_DAILY,D360_004,DAILY,1440,360,2009-10-16 13:10:00,2009-10-16 19:10:00,2009-10-15 13:10:00,2009-10-15 19:10:00,4,tarde,False,FINAL_CAL_POOL_180,pretest,20260801,True,True,True,True,True,True,,3,5173d35931d318921622ccfd75843d17780c92bcc17a3f130b1c4f33bb627813,False,False,False,False,False,False,False,False,False,False,False,False,False,False,False,False,False,False,False,False,False,,none,,False,False,False,False,False,False,False,False,False,False,False,False,0.6314460979644972,0.6885135365857236,0.6885135365857236,60,False,5.508033333333334,2.6833666666666667,2.824666666666667,0.5128267197608342,underreporting,0.055080333333333335,0.6423333333333333,0.8896295358805885,-0.22467340736532246,0.47077777777777774,0.17600000000000002,1.7092,0.8840000000000001,-0.32599999999999996,2.0947867298578204,-0.3374741200828157,5173d35931d318921622ccfd75843d17780c92bcc17a3f130b1c4f33bb627813,True,
D360_004_WEEKLY,D360_004,WEEKLY,10080,360,2009-10-16 13:10:00,2009-10-16 19:10:00,2009-10-09 13:10:00,2009-10-09 19:10:00,4,tarde,False,FINAL_CAL_POOL_180,pretest,20260801,True,True,True,True,True,True,,3,5173d35931d318921622ccfd75843d17780c92bcc17a3f130b1c4f33bb627813,False,False,False,False,False,False,False,False,False,False,False,False,False,False,False,False,False,False,False,False,False,,none,,False,False,False,False,False,False,False,False,False,False,False,False,0.6314460979644972,0.6314460979644972,0.5615028341271745,60,False,5.508033333333334,5.966233333333333,-0.4581999999999997,-0.08318758661591247,overreporting,0.055080333333333335,0.7599666666666666,0.9507307248170278,-0.18576839139918705,-0.07636666666666667,-0.10199999999999998,1.8853000000000006,0.9260000000000002,-0.5519999999999999,2.194312796208531,-0.4630872483221476,5173d35931d318921622ccfd75843d17780c92bcc17a3f130b1c4f33bb627813,True,
D360_005_DAILY,D360_005,DAILY,1440,360,2009-08-22 21:46:00,2009-08-23 03:46:00,2009-08-21 21:46:00,2009-08-22 03:46:00,3,noche,True,FINAL_CAL_POOL_180,pretest,20260801,True,True,True,True,True,True,,3,5173d35931d318921622ccfd75843d17780c92bcc17a3f130b1c4f33bb627813,False,False,False,False,False,False,False,False,False,False,False,False,False,False,False,False,False,False,False,False,False,,none,,False,False,False,False,False,False,False,False,False,False,False,False,0.6643856118728876,0.7660344614399124,0.685722861594196,60,False,3.486833333333333,4.5367999999999995,-1.0499666666666667,-0.30112327326609634,overreporting,0.03486833333333333,0.5389611111111111,0.8651897608167947,0.16843723660039958,-0.17499444444444445,0.015999999999999986,2.1232000000000006,-0.806,-1.5099999999999998,-0.459521094640821,-0.7980972515856236,5173d35931d318921622ccfd75843d17780c92bcc17a3f130b1c4f33bb627813,True,
D360_005_WEEKLY,D360_005,WEEKLY,10080,360,2009-08-22 21:46:00,2009-08-23 03:46:00,2009-08-15 21:46:00,2009-08-16 03:46:00,3,noche,True,FINAL_CAL_POOL_180,pretest,20260801,True,True,True,True,True,True,,3,5173d35931d318921622ccfd75843d17780c92bcc17a3f130b1c4f33bb627813,False,False,False,False,False,False,False,False,False,False,False,False,False,False,False,False,False,False,False,False,False,,none,,False,False,False,False,False,False,False,False,False,False,False,False,0.6643856118728876,0.4672018573036806,0.19751511827858398,60,False,3.486833333333333,8.712433333333333,-5.2256,-1.4986664117394008,overreporting,0.03486833333333333,1.0592000000000001,1.3443396148295266,-0.05071043771146568,-0.8709333333333334,-1.0110000000000001,2.8739999999999997,-0.5700000000000001,0.064,-0.32497149372862033,0.20125786163522014,5173d35931d318921622ccfd75843d17780c92bcc17a3f130b1c4f33bb627813,True,
D360_006_DAILY,D360_006,DAILY,1440,360,2009-06-28 03:38:00,2009-06-28 09:38:00,2009-06-27 03:38:00,2009-06-27 09:38:00,2,madrugada,True,FINAL_CAL_POOL_180,pretest,20260801,True,True,True,True,True,True,,3,5173d35931d318921622ccfd75843d17780c92bcc17a3f130b1c4f33bb627813,False,False,False,False,False,False,False,False,False,False,False,False,False,False,False,False,False,False,False,False,False,,none,,False,False,False,False,False,False,False,False,False,False,False,False,0.7354357457908403,0.6741267008487951,0.6125579664085639,60,False,3.0702333333333334,3.6122000000000005,-0.5419666666666672,-0.17652295699566825,overreporting,0.030702333333333335,0.5310944444444445,0.9628958002931689,-0.0232744825717029,-0.09032777777777778,0.0020000000000000018,1.913700000000001,-0.0020000000000000018,-0.3800000000000001,-0.006172839506172844,-0.2405063291139241,5173d35931d318921622ccfd75843d17780c92bcc17a3f130b1c4f33bb627813,True,
D360_006_WEEKLY,D360_006,WEEKLY,10080,360,2009-06-28 03:38:00,2009-06-28 09:38:00,2009-06-21 03:38:00,2009-06-21 09:38:00,2,madrugada,True,FINAL_CAL_POOL_180,pretest,20260801,True,True,True,True,True,True,,3,5173d35931d318921622ccfd75843d17780c92bcc17a3f130b1c4f33bb627813,False,False,False,False,False,False,False,False,False,False,False,False,False,False,False,False,False,False,False,False,False,,none,,False,False,False,False,False,False,False,False,False,False,False,False,0.7354357457908403,0.7477889405399061,0.7256476878730702,60,False,3.0702333333333334,1.9898666666666667,1.0803666666666667,0.35188422161182104,underreporting,0.030702333333333335,0.31307222222222225,0.5803800766164646,-0.0881317325541472,0.18006111111111112,-0.0040000000000000036,1.2540000000000004,0.08399999999999996,0.958,0.25925925925925913,3.958677685950413,5173d35931d318921622ccfd75843d17780c92bcc17a3f130b1c4f33bb627813,True,
D360_007_DAILY,D360_007,DAILY,1440,360,2009-11-13 19:12:00,2009-11-14 01:12:00,2009-11-12 19:12:00,2009-11-13 01:12:00,4,noche,False,FINAL_CAL_POOL_180,pretest,20260801,True,True,True,True,True,True,,3,5173d35931d318921622ccfd75843d17780c92bcc17a3f130b1c4f33bb627813,False,False,False,False,False,False,False,False,False,False,False,False,False,False,False,False,False,False,False,False,False,,none,,False,False,False,False,False,False,False,False,False,False,False,False,0.7341963081899489,0.6764889277311876,0.5317127472443665,60,False,8.6904,8.842333333333332,-0.15193333333333214,-0.017482893000705622,overreporting,0.08690400000000001,0.6790222222222223,1.0596728425949837,0.6443709430800172,-0.02532222222222221,-0.047000000000000125,2.177400000000001,4.116,0.03999999999999998,2.7924016282225237,0.12121212121212115,5173d35931d318921622ccfd75843d17780c92bcc17a3f130b1c4f33bb627813,True,
D360_007_WEEKLY,D360_007,WEEKLY,10080,360,2009-11-13 19:12:00,2009-11-14 01:12:00,2009-11-06 19:12:00,2009-11-07 01:12:00,4,noche,False,FINAL_CAL_POOL_180,pretest,20260801,True,True,True,True,True,True,,3,5173d35931d318921622ccfd75843d17780c92bcc17a3f130b1c4f33bb627813,False,False,False,False,False,False,False,False,False,False,False,False,False,False,False,False,False,False,False,False,False,,none,,False,False,False,False,False,False,False,False,False,False,False,False,0.7341963081899489,0.7911817941023916,0.7709253192703388,60,False,8.6904,4.6061,4.084300000000001,0.469978366933628,underreporting,0.08690400000000001,0.8982166666666666,1.3425159175551287,0.36563396757477357,0.6807166666666666,0.166,3.1004000000000005,-0.704,0.146,-0.47761194029850745,0.6517857142857142,5173d35931d318921622ccfd75843d17780c92bcc17a3f130b1c4f33bb627813,True,
D360_008_DAILY,D360_008,DAILY,1440,360,2009-08-10 07:54:00,2009-08-10 13:54:00,2009-08-09 07:54:00,2009-08-09 13:54:00,3,mañana,False,FINAL_CAL_POOL_180,pretest,20260801,True,True,True,True,True,True,,3,5173d35931d318921622ccfd75843d17780c92bcc17a3f130b1c4f33bb627813,False,False,False,False,False,False,False,False,False,False,False,False,False,False,False,False,False,False,False,False,False,,none,,False,False,False,False,False,False,False,False,False,False,False,False,0.5953993761391428,0.7071864851483805,0.6676997758232194,60,False,2.9533,1.7124666666666666,1.2408333333333335,0.4201514689782052,underreporting,0.029533,0.29955000000000004,0.5100019063145199,0.05169957730925843,0.20680555555555558,0.034,1.1382999999999999,-0.784,0.11600000000000002,-0.7140255009107468,0.5420560747663552,5173d35931d318921622ccfd75843d17780c92bcc17a3f130b1c4f33bb627813,True,
D360_008_WEEKLY,D360_008,WEEKLY,10080,360,2009-08-10 07:54:00,2009-08-10 13:54:00,2009-08-03 07:54:00,2009-08-03 13:54:00,3,mañana,False,FINAL_CAL_POOL_180,pretest,20260801,True,True,True,True,True,True,,3,5173d35931d318921622ccfd75843d17780c92bcc17a3f130b1c4f33bb627813,False,False,False,False,False,False,False,False,False,False,False,False,False,False,False,False,False,False,False,False,False,,none,,False,False,False,False,False,False,False,False,False,False,False,False,0.5953993761391428,0.7877565361562817,0.731935810533776,60,False,2.9533,1.603233333333333,1.350066666666667,0.45713834241921475,underreporting,0.029533,0.3108444444444445,0.5178555568667559,0.01207829457681815,0.22501111111111113,0.055999999999999994,1.2065000000000003,-0.8760000000000001,0.12000000000000002,-0.7978142076502732,0.5714285714285715,5173d35931d318921622ccfd75843d17780c92bcc17a3f130b1c4f33bb627813,True,
D360_009_DAILY,D360_009,DAILY,1440,360,2009-06-28 12:04:00,2009-06-28 18:04:00,2009-06-27 12:04:00,2009-06-27 18:04:00,2,tarde,True,FINAL_CAL_POOL_180,pretest,20260801,True,True,True,True,True,True,,3,5173d35931d318921622ccfd75843d17780c92bcc17a3f130b1c4f33bb627813,False,False,False,False,False,False,False,False,False,False,False,False,False,False,False,False,False,False,False,False,False,,none,,False,False,False,False,False,False,False,False,False,False,False,False,0.8024057524386583,0.7368688753843797,0.7368688753843797,60,False,3.2453000000000003,6.578566666666668,-3.3332666666666677,-1.027105865918919,overreporting,0.032453,0.8354555555555554,1.252895907709637,-0.05454435120752998,-0.5555444444444444,-0.205,2.5899000000000005,-0.926,-0.244,-0.71671826625387,-0.1342134213421342,5173d35931d318921622ccfd75843d17780c92bcc17a3f130b1c4f33bb627813,True,
D360_009_WEEKLY,D360_009,WEEKLY,10080,360,2009-06-28 12:04:00,2009-06-28 18:04:00,2009-06-21 12:04:00,2009-06-21 18:04:00,2,tarde,True,FINAL_CAL_POOL_180,pretest,20260801,True,True,True,True,True,True,,3,5173d35931d318921622ccfd75843d17780c92bcc17a3f130b1c4f33bb627813,False,False,False,False,False,False,False,False,False,False,False,False,False,False,False,False,False,False,False,False,False,,none,,False,False,False,False,False,False,False,False,False,False,False,False,0.8024057524386583,0.8693730514571457,0.7951547424741962,60,False,3.2453000000000003,1.7842666666666667,1.4610333333333336,0.450199776086443,underreporting,0.032453,0.3514277777777778,0.5713381271677531,-0.015154372054755944,0.2435055555555556,0.08199999999999996,1.1941000000000002,-1.05,1.1720000000000002,-0.8126934984520124,2.9154228855721396,5173d35931d318921622ccfd75843d17780c92bcc17a3f130b1c4f33bb627813,True,
D1440_000_DAILY,D1440_000,DAILY,1440,1440,2009-09-28 18:26:00,2009-09-29 18:26:00,2009-09-27 18:26:00,2009-09-28 18:26:00,3,noche,False,FINAL_CAL_POOL_180,pretest,20260801,True,True,True,True,True,True,,3,5173d35931d318921622ccfd75843d17780c92bcc17a3f130b1c4f33bb627813,False,False,False,False,False,False,False,False,False,False,False,False,False,False,False,False,False,False,False,False,False,,none,,False,False,False,False,False,False,False,False,False,False,False,False,0.852317933115353,0.7940746853718819,0.6824399250022256,60,False,21.28633333333333,22.774733333333334,-1.4884000000000022,-0.06992279866581072,overreporting,0.21286333333333332,0.5265583333333332,0.8160065154968638,0.5722442434711372,-0.06201666666666666,0.0020000000000000018,1.8011999999999988,0.026000000000000023,1.366,0.053497942386831324,2.8106995884773665,5173d35931d318921622ccfd75843d17780c92bcc17a3f130b1c4f33bb627813,True,
D1440_000_WEEKLY,D1440_000,WEEKLY,10080,1440,2009-09-28 18:26:00,2009-09-29 18:26:00,2009-09-21 18:26:00,2009-09-22 18:26:00,3,noche,False,FINAL_CAL_POOL_180,pretest,20260801,True,True,True,True,True,True,,3,5173d35931d318921622ccfd75843d17780c92bcc17a3f130b1c4f33bb627813,False,False,False,False,False,False,False,False,False,False,False,False,False,False,False,False,False,False,False,False,False,,none,,False,False,False,False,False,False,False,False,False,False,False,False,0.852317933115353,0.8119997337797548,0.6845865398314411,60,False,21.28633333333333,22.088766666666668,-0.8024333333333367,-0.03769711395418046,overreporting,0.21286333333333332,0.5128236111111111,0.7935215235476183,0.5243335985352804,-0.03343472222222221,-0.03600000000000003,1.6424999999999994,-0.13,1.4100000000000001,-0.2674897119341564,3.1900452488687785,5173d35931d318921622ccfd75843d17780c92bcc17a3f130b1c4f33bb627813,True,
D1440_001_DAILY,D1440_001,DAILY,1440,1440,2009-10-26 13:19:00,2009-10-27 13:19:00,2009-10-25 13:19:00,2009-10-26 13:19:00,4,tarde,False,FINAL_CAL_POOL_180,pretest,20260801,True,True,True,True,True,True,,3,5173d35931d318921622ccfd75843d17780c92bcc17a3f130b1c4f33bb627813,False,False,False,False,False,False,False,False,False,False,False,False,False,False,False,False,False,False,False,False,False,,none,,False,False,False,False,False,False,False,False,False,False,False,False,0.8001412729378771,0.8328550257383601,0.8179317218142681,60,False,22.817500000000003,29.779766666666664,-6.962266666666661,-0.3051283736897846,overreporting,0.22817500000000002,0.8922916666666666,1.2838707381283452,0.1059197302537852,-0.2900944444444444,-0.06299999999999999,2.8145999999999995,2.274,-0.10200000000000004,5.8307692307692305,-0.2615384615384616,5173d35931d318921622ccfd75843d17780c92bcc17a3f130b1c4f33bb627813,True,
D1440_001_WEEKLY,D1440_001,WEEKLY,10080,1440,2009-10-26 13:19:00,2009-10-27 13:19:00,2009-10-19 13:19:00,2009-10-20 13:19:00,4,tarde,False,FINAL_CAL_POOL_180,pretest,20260801,True,True,True,True,True,True,,3,5173d35931d318921622ccfd75843d17780c92bcc17a3f130b1c4f33bb627813,False,False,False,False,False,False,False,False,False,False,False,False,False,False,False,False,False,False,False,False,False,,none,,False,False,False,False,False,False,False,False,False,False,False,False,0.8001412729378771,0.7698279028942032,0.6046202747234038,60,False,22.817500000000003,26.284833333333335,-3.4673333333333325,-0.15195938789671665,overreporting,0.22817500000000002,0.5105694444444444,0.772031763883096,0.560495066984742,-0.14447222222222222,-0.04999999999999999,1.6663999999999997,-0.066,-1.1139999999999999,-0.16923076923076924,-0.7945791726105563,5173d35931d318921622ccfd75843d17780c92bcc17a3f130b1c4f33bb627813,True,
D1440_002_DAILY,D1440_002,DAILY,1440,1440,2009-08-14 21:02:00,2009-08-15 21:02:00,2009-08-13 21:02:00,2009-08-14 21:02:00,3,noche,False,FINAL_CAL_POOL_180,pretest,20260801,True,True,True,True,True,True,,3,5173d35931d318921622ccfd75843d17780c92bcc17a3f130b1c4f33bb627813,False,False,False,False,False,False,False,False,False,False,False,False,False,False,False,False,False,False,False,False,False,,none,,False,False,False,False,False,False,False,False,False,False,False,False,0.7964092028297552,0.6639093741590694,0.6441219918376049,60,False,21.200633333333332,15.5282,5.672433333333332,0.2675596169296829,underreporting,0.21200633333333332,0.7667541666666668,1.217335543307596,-0.13494004188785275,0.2363513888888889,0.040000000000000036,2.6526999999999976,2.6479999999999997,1.0060000000000002,7.480225988700565,2.841807909604521,5173d35931d318921622ccfd75843d17780c92bcc17a3f130b1c4f33bb627813,True,
D1440_002_WEEKLY,D1440_002,WEEKLY,10080,1440,2009-08-14 21:02:00,2009-08-15 21:02:00,2009-08-07 21:02:00,2009-08-08 21:02:00,3,noche,False,FINAL_CAL_POOL_180,pretest,20260801,True,True,True,True,True,True,,3,5173d35931d318921622ccfd75843d17780c92bcc17a3f130b1c4f33bb627813,False,True,True,False,False,False,False,False,False,False,False,True,False,True,False,False,False,True,False,True,False,2009-08-15 20:23:00,end,1401.0,False,False,True,False,True,False,False,True,True,False,True,False,0.7964092028297552,0.9026324352749016,0.9026324352749016,60,False,21.200633333333332,8.783633333333334,12.416999999999998,0.5856900501400115,underreporting,0.21200633333333332,0.6448166666666666,1.0965952838976951,0.08442901138171015,0.517375,0.14,2.5340999999999996,-0.07200000000000001,1.1440000000000001,-0.20338983050847462,5.296296296296297,5173d35931d318921622ccfd75843d17780c92bcc17a3f130b1c4f33bb627813,True,
D1440_003_DAILY,D1440_003,DAILY,1440,1440,2009-11-15 08:38:00,2009-11-16 08:38:00,2009-11-14 08:38:00,2009-11-15 08:38:00,4,mañana,True,FINAL_CAL_POOL_180,pretest,20260801,True,True,True,True,True,True,,3,5173d35931d318921622ccfd75843d17780c92bcc17a3f130b1c4f33bb627813,False,False,False,False,False,False,False,False,False,False,False,False,False,False,False,False,False,False,False,False,False,,none,,False,False,False,False,False,False,False,False,False,False,False,False,0.8769163645510412,0.8439951205342248,0.8439951205342248,60,False,33.06646666666666,43.3702,-10.303733333333334,-0.3116067234277627,overreporting,0.33066466666666666,1.2481444444444445,1.6104396863382786,0.3315846152805267,-0.42932222222222227,-0.5550000000000004,3.3366999999999973,0.7580000000000001,0.566,0.8896713615023476,0.664319248826291,5173d35931d318921622ccfd75843d17780c92bcc17a3f130b1c4f33bb627813,True,
D1440_003_WEEKLY,D1440_003,WEEKLY,10080,1440,2009-11-15 08:38:00,2009-11-16 08:38:00,2009-11-08 08:38:00,2009-11-09 08:38:00,4,mañana,True,FINAL_CAL_POOL_180,pretest,20260801,True,True,True,True,True,True,,3,5173d35931d318921622ccfd75843d17780c92bcc17a3f130b1c4f33bb627813,False,False,False,False,False,False,False,False,False,False,False,False,False,False,False,False,False,False,False,False,False,,none,,False,False,False,False,False,False,False,False,False,False,False,False,0.8769163645510412,0.8007911659132098,0.6011872413783618,60,False,33.06646666666666,44.7655,-11.69903333333334,-0.35380355123115687,overreporting,0.33066466666666666,1.2196569444444445,1.7988756835868343,0.2502894567325672,-0.4874597222222222,-0.15299999999999997,4.035799999999999,1.04,0.016000000000000014,1.2206572769953052,0.011412268188302436,5173d35931d318921622ccfd75843d17780c92bcc17a3f130b1c4f33bb627813,True,
D1440_004_DAILY,D1440_004,DAILY,1440,1440,2009-09-19 17:43:00,2009-09-20 17:43:00,2009-09-18 17:43:00,2009-09-19 17:43:00,3,tarde,True,FINAL_CAL_POOL_180,pretest,20260801,True,True,True,True,True,True,,3,5173d35931d318921622ccfd75843d17780c92bcc17a3f130b1c4f33bb627813,False,False,False,False,False,False,False,False,False,False,False,False,False,False,False,False,False,False,False,False,False,,none,,False,False,False,False,False,False,False,False,False,False,False,False,0.8491684923364388,0.8212488398355755,0.7672380365408034,60,False,35.758533333333325,31.038666666666664,4.719866666666661,0.1319927364657013,underreporting,0.35758533333333326,1.0621,1.4802707935449588,0.19600408766301403,0.19666111111111112,0.067,2.999199999999999,-2.322,-0.8320000000000001,-0.9042056074766355,-0.32398753894081,5173d35931d318921622ccfd75843d17780c92bcc17a3f130b1c4f33bb627813,True,
D1440_004_WEEKLY,D1440_004,WEEKLY,10080,1440,2009-09-19 17:43:00,2009-09-20 17:43:00,2009-09-12 17:43:00,2009-09-13 17:43:00,3,tarde,True,FINAL_CAL_POOL_180,pretest,20260801,True,True,True,True,True,True,,3,5173d35931d318921622ccfd75843d17780c92bcc17a3f130b1c4f33bb627813,False,False,False,False,False,False,False,False,False,False,False,False,False,False,False,False,False,False,False,False,False,,none,,False,False,False,False,False,False,False,False,False,False,False,False,0.8491684923364388,0.8245777219183279,0.7946114486834743,60,False,35.758533333333325,31.631000000000004,4.1275333333333215,0.11542792582842666,underreporting,0.35758533333333326,1.0150472222222222,1.4343967101963886,0.3729747641911181,0.17198055555555558,0.09499999999999993,2.8281,-1.69,0.498,-0.6580996884735202,0.40226171243941844,5173d35931d318921622ccfd75843d17780c92bcc17a3f130b1c4f33bb627813,True,
D1440_005_DAILY,D1440_005,DAILY,1440,1440,2009-12-02 05:36:00,2009-12-03 05:36:00,2009-12-01 05:36:00,2009-12-02 05:36:00,4,madrugada,False,FINAL_CAL_POOL_180,pretest,20260801,True,True,True,True,True,True,,3,5173d35931d318921622ccfd75843d17780c92bcc17a3f130b1c4f33bb627813,False,False,False,False,False,False,False,False,False,False,False,False,False,False,False,False,False,False,False,False,False,,none,,False,False,False,False,False,False,False,False,False,False,False,False,0.7016112572539521,0.8037955302332095,0.8037955302332095,60,False,38.5045,29.435433333333332,9.069066666666668,0.2355326433706883,underreporting,0.385045,0.7557277777777778,1.1432878878237294,0.40415759006120083,0.37787777777777776,0.18199999999999994,2.4642000000000004,0.055999999999999994,-0.016000000000000014,0.17391304347826084,-0.049689440993788865,5173d35931d318921622ccfd75843d17780c92bcc17a3f130b1c4f33bb627813,True,
D1440_005_WEEKLY,D1440_005,WEEKLY,10080,1440,2009-12-02 05:36:00,2009-12-03 05:36:00,2009-11-25 05:36:00,2009-11-26 05:36:00,4,madrugada,False,FINAL_CAL_POOL_180,pretest,20260801,True,True,True,True,True,True,,3,5173d35931d318921622ccfd75843d17780c92bcc17a3f130b1c4f33bb627813,False,False,False,False,False,False,False,False,False,False,False,False,False,False,False,False,False,False,False,False,False,,none,,False,False,False,False,False,False,False,False,False,False,False,False,0.7016112572539521,0.7468156177018169,0.7468156177018169,60,False,38.5045,32.9159,5.5886,0.14514147697022425,underreporting,0.385045,0.75175,1.153951739314373,0.45287968565664194,0.23285833333333336,0.147,2.364699999999999,0.008000000000000007,-0.02200000000000002,0.024844720496894433,-0.06707317073170738,5173d35931d318921622ccfd75843d17780c92bcc17a3f130b1c4f33bb627813,True,
D1440_006_DAILY,D1440_006,DAILY,1440,1440,2009-10-29 19:34:00,2009-10-30 19:34:00,2009-10-28 19:34:00,2009-10-29 19:34:00,4,noche,False,FINAL_CAL_POOL_180,pretest,20260801,True,True,True,True,True,True,,3,5173d35931d318921622ccfd75843d17780c92bcc17a3f130b1c4f33bb627813,False,False,False,False,False,False,False,False,False,False,False,False,False,False,False,False,False,False,False,False,False,,none,,False,False,False,False,False,False,False,False,False,False,False,False,0.8159353294142387,0.8184554811469933,0.7463519239628393,60,False,29.2022,30.113866666666663,-0.9116666666666617,-0.031219109062559043,overreporting,0.292022,0.9381916666666665,1.3758628222157745,0.2621245146776841,-0.03798611111111118,0.03999999999999998,2.9943000000000004,-1.282,-0.236,-0.7817073170731708,-0.14390243902439023,5173d35931d318921622ccfd75843d17780c92bcc17a3f130b1c4f33bb627813,True,
D1440_006_WEEKLY,D1440_006,WEEKLY,10080,1440,2009-10-29 19:34:00,2009-10-30 19:34:00,2009-10-22 19:34:00,2009-10-23 19:34:00,4,noche,False,FINAL_CAL_POOL_180,pretest,20260801,True,True,True,True,True,True,,3,5173d35931d318921622ccfd75843d17780c92bcc17a3f130b1c4f33bb627813,False,False,False,False,False,False,False,False,False,False,False,False,False,False,False,False,False,False,False,False,False,,none,,False,False,False,False,False,False,False,False,False,False,False,False,0.8159353294142387,0.7809284703519479,0.7809284703519479,60,False,29.2022,27.49346666666667,1.7087333333333312,0.05851385626197105,underreporting,0.292022,0.8606722222222222,1.2911729852261384,0.3306123067704338,0.07119722222222219,0.02400000000000002,2.7300999999999997,-0.31799999999999984,-1.626,-0.19390243902439017,-0.5366336633663367,5173d35931d318921622ccfd75843d17780c92bcc17a3f130b1c4f33bb627813,True,
D1440_007_DAILY,D1440_007,DAILY,1440,1440,2009-07-26 10:46:00,2009-07-27 10:46:00,2009-07-25 10:46:00,2009-07-26 10:46:00,3,mañana,True,FINAL_CAL_POOL_180,pretest,20260801,True,True,True,True,True,True,,3,5173d35931d318921622ccfd75843d17780c92bcc17a3f130b1c4f33bb627813,False,False,False,False,False,False,False,False,False,False,False,False,False,False,False,False,False,False,False,False,False,,none,,False,False,False,False,False,False,False,False,False,False,False,False,0.8572249069302352,0.8546247069726696,0.7691989981709162,60,False,11.4252,8.648866666666667,2.7763333333333335,0.24300085191798249,underreporting,0.114252,0.35576666666666673,0.5848500282598571,-0.09269198949448895,0.11568055555555555,0.04600000000000001,1.2401,-0.057999999999999996,0.11400000000000002,-0.2636363636363636,0.5181818181818183,5173d35931d318921622ccfd75843d17780c92bcc17a3f130b1c4f33bb627813,True,
D1440_007_WEEKLY,D1440_007,WEEKLY,10080,1440,2009-07-26 10:46:00,2009-07-27 10:46:00,2009-07-19 10:46:00,2009-07-20 10:46:00,3,mañana,True,FINAL_CAL_POOL_180,pretest,20260801,True,True,True,True,True,True,,3,5173d35931d318921622ccfd75843d17780c92bcc17a3f130b1c4f33bb627813,False,False,False,False,False,False,False,False,False,False,False,False,False,False,False,False,False,False,False,False,False,,none,,False,False,False,False,False,False,False,False,False,False,False,False,0.8572249069302352,0.8752651247041972,0.7283888011158514,60,False,11.4252,12.003166666666667,-0.5779666666666667,-0.050587006500250914,overreporting,0.114252,0.4141458333333333,0.6289628875290568,-0.08203949939904184,-0.02408194444444446,-0.018000000000000016,1.2400000000000002,0.5660000000000001,0.057999999999999996,2.572727272727273,0.21014492753623185,5173d35931d318921622ccfd75843d17780c92bcc17a3f130b1c4f33bb627813,True,
D1440_008_DAILY,D1440_008,DAILY,1440,1440,2009-09-17 04:40:00,2009-09-18 04:40:00,2009-09-16 04:40:00,2009-09-17 04:40:00,3,madrugada,False,FINAL_CAL_POOL_180,pretest,20260801,True,True,True,True,True,True,,3,5173d35931d318921622ccfd75843d17780c92bcc17a3f130b1c4f33bb627813,False,False,False,False,False,False,False,False,False,False,False,False,False,False,False,False,False,False,False,False,False,,none,,False,False,False,False,False,False,False,False,False,False,False,False,0.6496054272456409,0.6141481834694831,0.5890922323819525,60,False,20.248766666666665,29.038666666666664,-8.7899,-0.43409557454528097,overreporting,0.20248766666666665,0.5423458333333333,0.8911347338584041,0.6433053278894899,-0.3662458333333333,-0.08000000000000002,2.166399999999999,-0.10599999999999998,-0.118,-0.35810810810810806,-0.39864864864864863,5173d35931d318921622ccfd75843d17780c92bcc17a3f130b1c4f33bb627813,True,
D1440_008_WEEKLY,D1440_008,WEEKLY,10080,1440,2009-09-17 04:40:00,2009-09-18 04:40:00,2009-09-10 04:40:00,2009-09-11 04:40:00,3,madrugada,False,FINAL_CAL_POOL_180,pretest,20260801,True,True,True,True,True,True,,3,5173d35931d318921622ccfd75843d17780c92bcc17a3f130b1c4f33bb627813,False,False,False,False,False,False,False,False,False,False,False,False,False,False,False,False,False,False,False,False,False,,none,,False,False,False,False,False,False,False,False,False,False,False,False,0.6496054272456409,0.8310396873988869,0.8310396873988869,60,False,20.248766666666665,19.232233333333337,1.016533333333328,0.050202234539387325,underreporting,0.20248766666666665,0.5026361111111112,0.7648277365960695,0.4965580358723147,0.04235555555555557,0.052000000000000005,1.4521,-0.15999999999999998,-0.15800000000000003,-0.5405405405405405,-0.4702380952380953,5173d35931d318921622ccfd75843d17780c92bcc17a3f130b1c4f33bb627813,True,
D1440_009_DAILY,D1440_009,DAILY,1440,1440,2009-08-30 15:08:00,2009-08-31 15:08:00,2009-08-29 15:08:00,2009-08-30 15:08:00,3,tarde,True,FINAL_CAL_POOL_180,pretest,20260801,True,True,True,True,True,True,,3,5173d35931d318921622ccfd75843d17780c92bcc17a3f130b1c4f33bb627813,False,False,False,False,False,False,False,False,False,False,False,False,False,False,False,False,False,False,False,False,False,,none,,False,False,False,False,False,False,False,False,False,False,False,False,0.6894173305797218,0.7483173894701648,0.7483173894701648,60,False,26.47136666666667,26.715066666666665,-0.24369999999999692,-0.009206173714743235,near_neutral,0.2647136666666667,0.8326819444444443,1.1736980339934118,0.18100573816692464,-0.010154166666666667,-0.025999999999999968,2.5683000000000002,-1.058,-1.008,-0.4502127659574468,-0.4289361702127659,5173d35931d318921622ccfd75843d17780c92bcc17a3f130b1c4f33bb627813,True,
D1440_009_WEEKLY,D1440_009,WEEKLY,10080,1440,2009-08-30 15:08:00,2009-08-31 15:08:00,2009-08-23 15:08:00,2009-08-24 15:08:00,3,tarde,True,FINAL_CAL_POOL_180,pretest,20260801,True,True,True,True,True,True,,3,5173d35931d318921622ccfd75843d17780c92bcc17a3f130b1c4f33bb627813,False,False,False,False,False,False,False,False,False,False,False,False,False,False,False,False,False,False,False,False,False,,none,,False,False,False,False,False,False,False,False,False,False,False,False,0.6894173305797218,0.8074736689607979,0.8074736689607979,60,False,26.47136666666667,18.913733333333333,7.557633333333335,0.28550219671317817,underreporting,0.2647136666666667,0.7400791666666666,1.120771330379217,0.1768510788918173,0.31490138888888897,0.13599999999999998,2.1647999999999996,-2.0300000000000002,1.098,-0.8638297872340426,4.500000000000001,5173d35931d318921622ccfd75843d17780c92bcc17a3f130b1c4f33bb627813,True,
