episode_id,paired_destination_id,shift_type,duration_minutes,source_destination_mae,source_destination_rmse,source_destination_correlation,diff_mean,diff_median,diff_p95,hidden_energy_kwh,detected_induced_OR
D120_000_DAILY,D120_000,DAILY,120,0.3699166666666666,0.6826023000254248,0.3042536942025207,0.1441166666666666,0.0819999999999999,1.2518999999999991,0.2882333333333333,False
D120_000_WEEKLY,D120_000,WEEKLY,120,0.7973499999999999,1.1241777291276795,-0.1214868354512465,-0.2090833333333333,-0.166,2.2541999999999995,-0.4181666666666666,False
D120_001_DAILY,D120_001,DAILY,120,0.1612333333333333,0.2385077217478154,0.463066055775534,-0.0956999999999999,-0.102,0.4142999999999999,-0.1913999999999999,False
D120_001_WEEKLY,D120_001,WEEKLY,120,0.2527166666666666,0.3191984231372914,-0.1517768157179746,-0.1394833333333333,-0.149,0.5720999999999999,-0.2789666666666666,False
D120_002_DAILY,D120_002,DAILY,120,0.7464833333333333,0.8566863097618248,0.6576092814853698,-0.44365,-0.5549999999999998,1.3406,-0.8873000000000002,False
D120_002_WEEKLY,D120_002,WEEKLY,120,0.2913166666666667,0.3793765499693763,0.9539900313782658,0.2409166666666666,0.17,0.6156000000000003,0.4818333333333338,False
D120_003_DAILY,D120_003,DAILY,120,0.6163500000000001,0.9360448885247616,-0.0024861819897691,-0.5445166666666666,-0.1779999999999999,2.3603,-1.0890333333333335,False
D120_003_WEEKLY,D120_003,WEEKLY,120,0.1793333333333333,0.2547856615536544,-0.1364534061768896,-0.0087999999999999,-0.002,0.6547,-0.0175999999999999,False
D120_004_DAILY,D120_004,DAILY,120,0.8918333333333333,1.0441154470012723,-0.5090388573295505,-0.0292666666666666,0.052,1.7086,-0.0585333333333331,False
D120_004_WEEKLY,D120_004,WEEKLY,120,0.48255,0.6804359631883077,0.1810293643253467,0.3212833333333333,-0.0069999999999999,1.2949999999999997,0.642566666666667,False
D120_005_DAILY,D120_005,DAILY,120,1.0607833333333334,1.41645648244719,0.0785149025151428,1.0181166666666668,1.007,2.7531000000000008,2.036233333333332,False
D120_005_WEEKLY,D120_005,WEEKLY,120,1.5977666666666663,2.036060739107096,0.2649885566901793,-1.5311666666666668,-1.391,3.7087,-3.062333333333335,False
D120_006_DAILY,D120_006,DAILY,120,0.3844,0.5738323216178515,0.5318863231611477,0.2807666666666666,0.097,1.3916999999999995,0.5615333333333333,False
D120_006_WEEKLY,D120_006,WEEKLY,120,0.2705999999999999,0.4247301103838373,0.7134077927536654,0.0379666666666666,0.0649999999999998,0.9402,0.0759333333333334,False
D120_007_DAILY,D120_007,DAILY,120,0.2144166666666666,0.3043743856941097,-0.0229201536335535,0.1354166666666666,0.068,0.6683,0.2708333333333335,False
D120_007_WEEKLY,D120_007,WEEKLY,120,0.21465,0.2874075503531527,0.0820547163012304,0.1623166666666667,0.1709999999999999,0.6174,0.3246333333333333,False
D120_008_DAILY,D120_008,DAILY,120,0.4525833333333333,0.8097520402361865,-0.1153811964254037,0.01345,0.0059999999999999,2.4504,0.0269,False
D120_008_WEEKLY,D120_008,WEEKLY,120,0.6646166666666667,0.9056657403994772,-0.0341872276944869,-0.3107499999999999,-0.17,1.8789,-0.6214999999999997,False
D120_009_DAILY,D120_009,DAILY,120,0.4922333333333333,0.7587049053046471,0.1644369336503507,-0.1801,0.02,1.7679999999999996,-0.3602000000000003,False
D120_009_WEEKLY,D120_009,WEEKLY,120,0.2625166666666667,0.4293196555792276,0.0456853393783417,0.2028166666666666,0.079,1.1069,0.4056333333333332,False
D360_000_DAILY,D360_000,DAILY,360,0.5035055555555555,0.7620984698697261,-0.0151471375132142,0.1782944444444444,0.135,1.870000000000001,1.0697666666666668,False
D360_000_WEEKLY,D360_000,WEEKLY,360,0.48845,0.7633571830335317,0.0979261181626066,0.4491611111111111,0.295,2.0006,2.6949666666666667,False
D360_001_DAILY,D360_001,DAILY,360,0.7915833333333334,1.1699782666547462,0.0579578477555646,0.7404833333333332,0.302,2.4703,4.442900000000002,False
D360_001_WEEKLY,D360_001,WEEKLY,360,0.6125388888888889,1.02455069285137,0.2244422993664805,0.5325055555555556,0.1359999999999999,2.2411,3.195033333333336,False
D360_002_DAILY,D360_002,DAILY,360,1.958538888888889,2.413534713052852,-0.5679171075391618,0.9803611111111112,1.003,5.0381,5.882166666666667,False
D360_002_WEEKLY,D360_002,WEEKLY,360,1.3806888888888889,1.8673324526952584,0.4232016188277035,1.056533333333333,0.8909999999999999,4.179700000000001,6.3392,False
D360_003_DAILY,D360_003,DAILY,360,0.0950888888888888,0.1808983139777704,0.4812631569964857,0.0131,-0.002,0.4641,0.0786000000000002,False
D360_003_WEEKLY,D360_003,WEEKLY,360,0.22935,0.4043434870942717,0.1156514786221269,-0.0975722222222222,-0.0219999999999999,0.9942,-0.5854333333333333,False
D360_004_DAILY,D360_004,DAILY,360,0.6423333333333333,0.8896295358805885,-0.2246734073653224,0.4707777777777777,0.176,1.7092,2.824666666666667,False
D360_004_WEEKLY,D360_004,WEEKLY,360,0.7599666666666666,0.9507307248170278,-0.185768391399187,-0.0763666666666666,-0.1019999999999999,1.8853000000000009,-0.4581999999999997,False
D360_005_DAILY,D360_005,DAILY,360,0.5389611111111111,0.8651897608167947,0.1684372366003995,-0.1749944444444444,0.0159999999999999,2.1232000000000006,-1.0499666666666667,False
D360_005_WEEKLY,D360_005,WEEKLY,360,1.0592,1.3443396148295266,-0.0507104377114656,-0.8709333333333334,-1.011,2.874,-5.2256,False
D360_006_DAILY,D360_006,DAILY,360,0.5310944444444445,0.9628958002931688,-0.0232744825717029,-0.0903277777777777,0.002,1.913700000000001,-0.5419666666666672,False
D360_006_WEEKLY,D360_006,WEEKLY,360,0.3130722222222222,0.5803800766164646,-0.0881317325541472,0.1800611111111111,-0.004,1.2540000000000004,1.0803666666666667,False
D360_007_DAILY,D360_007,DAILY,360,0.6790222222222223,1.0596728425949835,0.6443709430800172,-0.0253222222222222,-0.0470000000000001,2.177400000000001,-0.1519333333333321,False
D360_007_WEEKLY,D360_007,WEEKLY,360,0.8982166666666666,1.342515917555129,0.3656339675747735,0.6807166666666666,0.166,3.1004000000000005,4.084300000000001,False
D360_008_DAILY,D360_008,DAILY,360,0.29955,0.5100019063145199,0.0516995773092584,0.2068055555555555,0.034,1.1383,1.2408333333333337,False
D360_008_WEEKLY,D360_008,WEEKLY,360,0.3108444444444445,0.5178555568667559,0.0120782945768181,0.2250111111111111,0.0559999999999999,1.2065000000000003,1.350066666666667,False
D360_009_DAILY,D360_009,DAILY,360,0.8354555555555554,1.252895907709637,-0.0545443512075299,-0.5555444444444444,-0.205,2.5899000000000005,-3.333266666666668,False
D360_009_WEEKLY,D360_009,WEEKLY,360,0.3514277777777778,0.5713381271677531,-0.0151543720547559,0.2435055555555556,0.0819999999999999,1.1941000000000002,1.4610333333333336,False
D1440_000_DAILY,D1440_000,DAILY,1440,0.5265583333333332,0.8160065154968638,0.5722442434711372,-0.0620166666666666,0.002,1.8011999999999988,-1.4884000000000022,False
D1440_000_WEEKLY,D1440_000,WEEKLY,1440,0.5128236111111111,0.7935215235476183,0.5243335985352804,-0.0334347222222222,-0.036,1.6424999999999994,-0.8024333333333367,False
D1440_001_DAILY,D1440_001,DAILY,1440,0.8922916666666666,1.2838707381283452,0.1059197302537852,-0.2900944444444444,-0.0629999999999999,2.8145999999999995,-6.962266666666661,False
D1440_001_WEEKLY,D1440_001,WEEKLY,1440,0.5105694444444444,0.772031763883096,0.560495066984742,-0.1444722222222222,-0.0499999999999999,1.6663999999999997,-3.4673333333333325,False
D1440_002_DAILY,D1440_002,DAILY,1440,0.7667541666666668,1.217335543307596,-0.1349400418878527,0.2363513888888889,0.04,2.6526999999999976,5.672433333333332,False
D1440_002_WEEKLY,D1440_002,WEEKLY,1440,0.6448166666666666,1.0965952838976951,0.0844290113817101,0.517375,0.14,2.5341,12.416999999999998,True
D1440_003_DAILY,D1440_003,DAILY,1440,1.2481444444444445,1.6104396863382786,0.3315846152805267,-0.4293222222222222,-0.5550000000000004,3.3366999999999973,-10.303733333333334,False
D1440_003_WEEKLY,D1440_003,WEEKLY,1440,1.2196569444444445,1.7988756835868345,0.2502894567325672,-0.4874597222222222,-0.1529999999999999,4.035799999999999,-11.69903333333334,False
D1440_004_DAILY,D1440_004,DAILY,1440,1.0621,1.4802707935449588,0.196004087663014,0.1966611111111111,0.067,2.999199999999999,4.719866666666661,False
D1440_004_WEEKLY,D1440_004,WEEKLY,1440,1.0150472222222222,1.4343967101963886,0.3729747641911181,0.1719805555555555,0.0949999999999999,2.8281,4.1275333333333215,False
D1440_005_DAILY,D1440_005,DAILY,1440,0.7557277777777778,1.1432878878237294,0.4041575900612008,0.3778777777777777,0.1819999999999999,2.4642000000000004,9.069066666666668,False
D1440_005_WEEKLY,D1440_005,WEEKLY,1440,0.75175,1.153951739314373,0.4528796856566419,0.2328583333333333,0.147,2.364699999999999,5.5886,False
D1440_006_DAILY,D1440_006,DAILY,1440,0.9381916666666664,1.3758628222157745,0.2621245146776841,-0.0379861111111111,0.0399999999999999,2.9943000000000004,-0.9116666666666616,False
D1440_006_WEEKLY,D1440_006,WEEKLY,1440,0.8606722222222222,1.2911729852261384,0.3306123067704338,0.0711972222222221,0.024,2.7301,1.7087333333333312,False
D1440_007_DAILY,D1440_007,DAILY,1440,0.3557666666666667,0.5848500282598571,-0.0926919894944889,0.1156805555555555,0.046,1.2401,2.776333333333333,False
D1440_007_WEEKLY,D1440_007,WEEKLY,1440,0.4141458333333333,0.6289628875290568,-0.0820394993990418,-0.0240819444444444,-0.018,1.2400000000000002,-0.5779666666666667,False
D1440_008_DAILY,D1440_008,DAILY,1440,0.5423458333333333,0.8911347338584041,0.6433053278894899,-0.3662458333333333,-0.08,2.166399999999999,-8.7899,False
D1440_008_WEEKLY,D1440_008,WEEKLY,1440,0.5026361111111112,0.7648277365960695,0.4965580358723147,0.0423555555555555,0.052,1.4521,1.016533333333328,False
D1440_009_DAILY,D1440_009,DAILY,1440,0.8326819444444443,1.1736980339934118,0.1810057381669246,-0.0101541666666666,-0.0259999999999999,2.5683,-0.2436999999999969,False
D1440_009_WEEKLY,D1440_009,WEEKLY,1440,0.7400791666666666,1.120771330379217,0.1768510788918173,0.3149013888888889,0.1359999999999999,2.1648,7.557633333333335,False
