duration_minutes,dest_start_candidate,rejection_reason
120,2009-06-18 19:43:00,destino_dentro_del_calentamiento_de_7_dias_del_pool_para_H
120,2009-06-18 19:54:00,destino_dentro_del_calentamiento_de_7_dias_del_pool_para_H
120,2009-06-18 21:07:00,destino_dentro_del_calentamiento_de_7_dias_del_pool_para_H
120,2009-06-18 21:20:00,destino_dentro_del_calentamiento_de_7_dias_del_pool_para_H
120,2009-06-18 22:32:00,destino_dentro_del_calentamiento_de_7_dias_del_pool_para_H
120,2009-06-18 23:07:00,destino_dentro_del_calentamiento_de_7_dias_del_pool_para_H
120,2009-06-18 23:48:00,destino_dentro_del_calentamiento_de_7_dias_del_pool_para_H
120,2009-06-19 01:29:00,destino_dentro_del_calentamiento_de_7_dias_del_pool_para_H
120,2009-06-19 03:09:00,destino_dentro_del_calentamiento_de_7_dias_del_pool_para_H
120,2009-06-19 03:52:00,destino_dentro_del_calentamiento_de_7_dias_del_pool_para_H
120,2009-06-19 03:53:00,destino_dentro_del_calentamiento_de_7_dias_del_pool_para_H
120,2009-06-19 05:38:00,destino_dentro_del_calentamiento_de_7_dias_del_pool_para_H
120,2009-06-19 05:40:00,destino_dentro_del_calentamiento_de_7_dias_del_pool_para_H
120,2009-06-19 07:10:00,destino_dentro_del_calentamiento_de_7_dias_del_pool_para_H
120,2009-06-19 07:24:00,destino_dentro_del_calentamiento_de_7_dias_del_pool_para_H
120,2009-06-19 08:08:00,destino_dentro_del_calentamiento_de_7_dias_del_pool_para_H
120,2009-06-19 09:28:00,destino_dentro_del_calentamiento_de_7_dias_del_pool_para_H
120,2009-06-19 10:22:00,destino_dentro_del_calentamiento_de_7_dias_del_pool_para_H
120,2009-06-19 10:59:00,destino_dentro_del_calentamiento_de_7_dias_del_pool_para_H
120,2009-06-19 15:49:00,destino_dentro_del_calentamiento_de_7_dias_del_pool_para_H
120,2009-06-19 17:50:00,destino_dentro_del_calentamiento_de_7_dias_del_pool_para_H
120,2009-06-19 18:20:00,destino_dentro_del_calentamiento_de_7_dias_del_pool_para_H
120,2009-06-19 19:26:00,destino_dentro_del_calentamiento_de_7_dias_del_pool_para_H
120,2009-06-19 21:27:00,destino_dentro_del_calentamiento_de_7_dias_del_pool_para_H
120,2009-06-19 21:38:00,destino_dentro_del_calentamiento_de_7_dias_del_pool_para_H
120,2009-06-19 21:54:00,destino_dentro_del_calentamiento_de_7_dias_del_pool_para_H
120,2009-06-19 21:57:00,destino_dentro_del_calentamiento_de_7_dias_del_pool_para_H
120,2009-06-19 23:47:00,destino_dentro_del_calentamiento_de_7_dias_del_pool_para_H
120,2009-06-20 00:34:00,destino_dentro_del_calentamiento_de_7_dias_del_pool_para_H
120,2009-06-20 00:50:00,destino_dentro_del_calentamiento_de_7_dias_del_pool_para_H
120,2009-06-20 02:04:00,destino_dentro_del_calentamiento_de_7_dias_del_pool_para_H
120,2009-06-20 02:37:00,destino_dentro_del_calentamiento_de_7_dias_del_pool_para_H
120,2009-06-20 02:54:00,destino_dentro_del_calentamiento_de_7_dias_del_pool_para_H
120,2009-06-20 04:47:00,destino_dentro_del_calentamiento_de_7_dias_del_pool_para_H
120,2009-06-20 07:22:00,destino_dentro_del_calentamiento_de_7_dias_del_pool_para_H
120,2009-06-20 11:08:00,destino_dentro_del_calentamiento_de_7_dias_del_pool_para_H
120,2009-06-20 11:34:00,destino_dentro_del_calentamiento_de_7_dias_del_pool_para_H
120,2009-06-20 11:43:00,destino_dentro_del_calentamiento_de_7_dias_del_pool_para_H
120,2009-06-20 11:46:00,destino_dentro_del_calentamiento_de_7_dias_del_pool_para_H
120,2009-06-20 13:05:00,destino_dentro_del_calentamiento_de_7_dias_del_pool_para_H
120,2009-06-20 13:10:00,destino_dentro_del_calentamiento_de_7_dias_del_pool_para_H
120,2009-06-20 13:43:00,destino_dentro_del_calentamiento_de_7_dias_del_pool_para_H
120,2009-06-20 14:47:00,destino_dentro_del_calentamiento_de_7_dias_del_pool_para_H
120,2009-06-20 19:11:00,destino_dentro_del_calentamiento_de_7_dias_del_pool_para_H
120,2009-06-20 19:26:00,destino_dentro_del_calentamiento_de_7_dias_del_pool_para_H
120,2009-06-20 20:35:00,destino_dentro_del_calentamiento_de_7_dias_del_pool_para_H
120,2009-06-20 21:09:00,destino_dentro_del_calentamiento_de_7_dias_del_pool_para_H
120,2009-06-20 22:33:00,destino_dentro_del_calentamiento_de_7_dias_del_pool_para_H
120,2009-06-20 23:39:00,destino_dentro_del_calentamiento_de_7_dias_del_pool_para_H
120,2009-06-21 02:32:00,destino_dentro_del_calentamiento_de_7_dias_del_pool_para_H
120,2009-06-21 03:31:00,destino_dentro_del_calentamiento_de_7_dias_del_pool_para_H
120,2009-06-21 06:37:00,destino_dentro_del_calentamiento_de_7_dias_del_pool_para_H
120,2009-06-21 07:34:00,destino_dentro_del_calentamiento_de_7_dias_del_pool_para_H
120,2009-06-21 07:44:00,destino_dentro_del_calentamiento_de_7_dias_del_pool_para_H
120,2009-06-21 07:52:00,destino_dentro_del_calentamiento_de_7_dias_del_pool_para_H
120,2009-06-21 08:00:00,destino_dentro_del_calentamiento_de_7_dias_del_pool_para_H
120,2009-06-21 08:11:00,destino_dentro_del_calentamiento_de_7_dias_del_pool_para_H
120,2009-06-21 09:36:00,destino_dentro_del_calentamiento_de_7_dias_del_pool_para_H
120,2009-06-21 11:48:00,destino_dentro_del_calentamiento_de_7_dias_del_pool_para_H
120,2009-06-21 13:13:00,destino_dentro_del_calentamiento_de_7_dias_del_pool_para_H
120,2009-06-21 13:36:00,destino_dentro_del_calentamiento_de_7_dias_del_pool_para_H
120,2009-06-21 14:14:00,destino_dentro_del_calentamiento_de_7_dias_del_pool_para_H
120,2009-06-21 14:22:00,destino_dentro_del_calentamiento_de_7_dias_del_pool_para_H
120,2009-06-21 14:44:00,destino_dentro_del_calentamiento_de_7_dias_del_pool_para_H
120,2009-06-21 15:07:00,destino_dentro_del_calentamiento_de_7_dias_del_pool_para_H
120,2009-06-21 16:35:00,destino_dentro_del_calentamiento_de_7_dias_del_pool_para_H
120,2009-06-21 18:39:00,destino_dentro_del_calentamiento_de_7_dias_del_pool_para_H
120,2009-06-21 19:00:00,destino_dentro_del_calentamiento_de_7_dias_del_pool_para_H
120,2009-06-21 19:37:00,destino_dentro_del_calentamiento_de_7_dias_del_pool_para_H
120,2009-06-21 19:51:00,destino_dentro_del_calentamiento_de_7_dias_del_pool_para_H
120,2009-06-21 20:11:00,destino_dentro_del_calentamiento_de_7_dias_del_pool_para_H
120,2009-06-21 21:09:00,destino_dentro_del_calentamiento_de_7_dias_del_pool_para_H
120,2009-06-21 21:49:00,destino_dentro_del_calentamiento_de_7_dias_del_pool_para_H
120,2009-06-21 22:01:00,destino_dentro_del_calentamiento_de_7_dias_del_pool_para_H
120,2009-06-21 22:37:00,destino_dentro_del_calentamiento_de_7_dias_del_pool_para_H
120,2009-06-21 23:16:00,destino_dentro_del_calentamiento_de_7_dias_del_pool_para_H
120,2009-06-22 00:15:00,destino_dentro_del_calentamiento_de_7_dias_del_pool_para_H
120,2009-06-22 01:10:00,destino_dentro_del_calentamiento_de_7_dias_del_pool_para_H
120,2009-06-22 02:36:00,destino_dentro_del_calentamiento_de_7_dias_del_pool_para_H
120,2009-06-22 03:08:00,destino_dentro_del_calentamiento_de_7_dias_del_pool_para_H
120,2009-06-22 04:42:00,destino_dentro_del_calentamiento_de_7_dias_del_pool_para_H
120,2009-06-22 05:07:00,destino_dentro_del_calentamiento_de_7_dias_del_pool_para_H
120,2009-06-22 05:30:00,destino_dentro_del_calentamiento_de_7_dias_del_pool_para_H
120,2009-06-22 05:46:00,destino_dentro_del_calentamiento_de_7_dias_del_pool_para_H
120,2009-06-22 09:37:00,destino_dentro_del_calentamiento_de_7_dias_del_pool_para_H
120,2009-06-22 10:05:00,destino_dentro_del_calentamiento_de_7_dias_del_pool_para_H
120,2009-06-22 12:16:00,destino_dentro_del_calentamiento_de_7_dias_del_pool_para_H
120,2009-06-22 12:44:00,destino_dentro_del_calentamiento_de_7_dias_del_pool_para_H
120,2009-06-22 13:26:00,destino_dentro_del_calentamiento_de_7_dias_del_pool_para_H
120,2009-06-22 14:56:00,destino_dentro_del_calentamiento_de_7_dias_del_pool_para_H
120,2009-06-22 17:25:00,destino_dentro_del_calentamiento_de_7_dias_del_pool_para_H
120,2009-06-22 18:54:00,destino_dentro_del_calentamiento_de_7_dias_del_pool_para_H
120,2009-06-22 21:19:00,destino_dentro_del_calentamiento_de_7_dias_del_pool_para_H
120,2009-06-22 21:37:00,destino_dentro_del_calentamiento_de_7_dias_del_pool_para_H
120,2009-06-22 21:51:00,destino_dentro_del_calentamiento_de_7_dias_del_pool_para_H
120,2009-06-22 21:55:00,destino_dentro_del_calentamiento_de_7_dias_del_pool_para_H
120,2009-06-22 22:57:00,destino_dentro_del_calentamiento_de_7_dias_del_pool_para_H
120,2009-06-22 23:37:00,destino_dentro_del_calentamiento_de_7_dias_del_pool_para_H
120,2009-06-23 00:45:00,destino_dentro_del_calentamiento_de_7_dias_del_pool_para_H
120,2009-06-23 02:25:00,destino_dentro_del_calentamiento_de_7_dias_del_pool_para_H
120,2009-06-23 04:25:00,destino_dentro_del_calentamiento_de_7_dias_del_pool_para_H
120,2009-06-23 04:42:00,destino_dentro_del_calentamiento_de_7_dias_del_pool_para_H
120,2009-06-23 04:46:00,destino_dentro_del_calentamiento_de_7_dias_del_pool_para_H
120,2009-06-23 04:51:00,destino_dentro_del_calentamiento_de_7_dias_del_pool_para_H
120,2009-06-23 05:23:00,destino_dentro_del_calentamiento_de_7_dias_del_pool_para_H
120,2009-06-23 05:27:00,destino_dentro_del_calentamiento_de_7_dias_del_pool_para_H
120,2009-06-23 05:57:00,destino_dentro_del_calentamiento_de_7_dias_del_pool_para_H
120,2009-06-23 06:01:00,destino_dentro_del_calentamiento_de_7_dias_del_pool_para_H
120,2009-06-23 06:35:00,destino_dentro_del_calentamiento_de_7_dias_del_pool_para_H
120,2009-06-23 07:33:00,destino_dentro_del_calentamiento_de_7_dias_del_pool_para_H
120,2009-06-23 09:59:00,destino_dentro_del_calentamiento_de_7_dias_del_pool_para_H
120,2009-06-23 10:00:00,destino_dentro_del_calentamiento_de_7_dias_del_pool_para_H
120,2009-06-23 10:36:00,destino_dentro_del_calentamiento_de_7_dias_del_pool_para_H
120,2009-06-23 11:20:00,destino_dentro_del_calentamiento_de_7_dias_del_pool_para_H
120,2009-06-23 13:07:00,destino_dentro_del_calentamiento_de_7_dias_del_pool_para_H
120,2009-06-23 13:52:00,destino_dentro_del_calentamiento_de_7_dias_del_pool_para_H
120,2009-06-23 15:29:00,destino_dentro_del_calentamiento_de_7_dias_del_pool_para_H
120,2009-06-23 16:32:00,destino_dentro_del_calentamiento_de_7_dias_del_pool_para_H
120,2009-06-23 16:41:00,destino_dentro_del_calentamiento_de_7_dias_del_pool_para_H
120,2009-06-23 16:50:00,destino_dentro_del_calentamiento_de_7_dias_del_pool_para_H
120,2009-06-23 20:09:00,destino_dentro_del_calentamiento_de_7_dias_del_pool_para_H
120,2009-06-23 20:21:00,destino_dentro_del_calentamiento_de_7_dias_del_pool_para_H
120,2009-06-23 20:50:00,destino_dentro_del_calentamiento_de_7_dias_del_pool_para_H
120,2009-06-23 21:39:00,destino_dentro_del_calentamiento_de_7_dias_del_pool_para_H
120,2009-06-23 23:56:00,destino_dentro_del_calentamiento_de_7_dias_del_pool_para_H
120,2009-06-24 01:16:00,destino_dentro_del_calentamiento_de_7_dias_del_pool_para_H
120,2009-06-24 03:00:00,destino_dentro_del_calentamiento_de_7_dias_del_pool_para_H
120,2009-06-24 03:09:00,destino_dentro_del_calentamiento_de_7_dias_del_pool_para_H
120,2009-06-24 04:34:00,destino_dentro_del_calentamiento_de_7_dias_del_pool_para_H
120,2009-06-24 04:40:00,destino_dentro_del_calentamiento_de_7_dias_del_pool_para_H
120,2009-06-24 04:59:00,destino_dentro_del_calentamiento_de_7_dias_del_pool_para_H
120,2009-06-24 05:20:00,destino_dentro_del_calentamiento_de_7_dias_del_pool_para_H
120,2009-06-24 05:42:00,destino_dentro_del_calentamiento_de_7_dias_del_pool_para_H
120,2009-06-24 07:08:00,destino_dentro_del_calentamiento_de_7_dias_del_pool_para_H
120,2009-06-24 07:26:00,destino_dentro_del_calentamiento_de_7_dias_del_pool_para_H
120,2009-06-24 08:14:00,destino_dentro_del_calentamiento_de_7_dias_del_pool_para_H
120,2009-06-24 08:15:00,destino_dentro_del_calentamiento_de_7_dias_del_pool_para_H
120,2009-06-24 11:37:00,destino_dentro_del_calentamiento_de_7_dias_del_pool_para_H
120,2009-06-24 11:57:00,destino_dentro_del_calentamiento_de_7_dias_del_pool_para_H
120,2009-06-24 12:15:00,destino_dentro_del_calentamiento_de_7_dias_del_pool_para_H
120,2009-06-24 12:25:00,destino_dentro_del_calentamiento_de_7_dias_del_pool_para_H
120,2009-06-24 13:34:00,destino_dentro_del_calentamiento_de_7_dias_del_pool_para_H
120,2009-06-24 13:43:00,destino_dentro_del_calentamiento_de_7_dias_del_pool_para_H
120,2009-06-24 13:48:00,destino_dentro_del_calentamiento_de_7_dias_del_pool_para_H
120,2009-06-24 16:27:00,destino_dentro_del_calentamiento_de_7_dias_del_pool_para_H
120,2009-06-24 16:48:00,destino_dentro_del_calentamiento_de_7_dias_del_pool_para_H
120,2009-06-24 18:27:00,destino_dentro_del_calentamiento_de_7_dias_del_pool_para_H
120,2009-06-24 18:42:00,destino_dentro_del_calentamiento_de_7_dias_del_pool_para_H
120,2009-06-24 20:55:00,destino_dentro_del_calentamiento_de_7_dias_del_pool_para_H
120,2009-06-24 21:04:00,destino_dentro_del_calentamiento_de_7_dias_del_pool_para_H
120,2009-06-24 21:30:00,destino_dentro_del_calentamiento_de_7_dias_del_pool_para_H
120,2009-06-24 21:43:00,destino_dentro_del_calentamiento_de_7_dias_del_pool_para_H
120,2009-06-25 00:54:00,destino_dentro_del_calentamiento_de_7_dias_del_pool_para_H
120,2009-06-25 02:52:00,destino_dentro_del_calentamiento_de_7_dias_del_pool_para_H
120,2009-06-25 03:13:00,destino_dentro_del_calentamiento_de_7_dias_del_pool_para_H
120,2009-06-25 03:21:00,destino_dentro_del_calentamiento_de_7_dias_del_pool_para_H
120,2009-06-25 04:42:00,destino_dentro_del_calentamiento_de_7_dias_del_pool_para_H
120,2009-06-25 05:53:00,destino_dentro_del_calentamiento_de_7_dias_del_pool_para_H
120,2009-06-25 06:50:00,destino_dentro_del_calentamiento_de_7_dias_del_pool_para_H
120,2009-06-25 08:08:00,destino_dentro_del_calentamiento_de_7_dias_del_pool_para_H
120,2009-06-25 08:09:00,destino_dentro_del_calentamiento_de_7_dias_del_pool_para_H
120,2009-06-25 09:44:00,destino_dentro_del_calentamiento_de_7_dias_del_pool_para_H
120,2009-06-25 10:57:00,destino_dentro_del_calentamiento_de_7_dias_del_pool_para_H
120,2009-06-25 11:57:00,destino_dentro_del_calentamiento_de_7_dias_del_pool_para_H
120,2009-06-25 13:30:00,destino_dentro_del_calentamiento_de_7_dias_del_pool_para_H
120,2009-06-25 14:25:00,destino_dentro_del_calentamiento_de_7_dias_del_pool_para_H
120,2009-06-25 16:24:00,destino_dentro_del_calentamiento_de_7_dias_del_pool_para_H
120,2009-07-11 21:52:00,origen_DAILY_contiene_valores_imputados
120,2009-07-11 21:58:00,origen_DAILY_contiene_valores_imputados
120,2009-07-17 20:49:00,origen_WEEKLY_contiene_valores_imputados
120,2009-08-13 04:23:00,destino_contiene_valores_imputados
120,2009-08-13 04:46:00,destino_contiene_valores_imputados
120,2009-08-13 04:48:00,destino_contiene_valores_imputados
120,2009-08-13 04:50:00,destino_contiene_valores_imputados
120,2009-08-13 05:46:00,destino_contiene_valores_imputados
120,2009-08-13 06:17:00,destino_contiene_valores_imputados
120,2009-08-13 06:36:00,destino_contiene_valores_imputados
120,2009-08-13 10:18:00,destino_contiene_valores_imputados
120,2009-08-13 12:51:00,destino_contiene_valores_imputados
120,2009-08-13 13:10:00,destino_contiene_valores_imputados
120,2009-08-13 13:15:00,destino_contiene_valores_imputados
120,2009-08-13 13:28:00,destino_contiene_valores_imputados
120,2009-08-13 13:50:00,destino_contiene_valores_imputados
120,2009-08-13 14:02:00,destino_contiene_valores_imputados
120,2009-08-13 17:05:00,destino_contiene_valores_imputados
120,2009-08-13 17:56:00,destino_contiene_valores_imputados
120,2009-08-13 17:59:00,destino_contiene_valores_imputados
120,2009-08-13 18:41:00,destino_contiene_valores_imputados
120,2009-08-14 03:41:00,origen_DAILY_contiene_valores_imputados
120,2009-08-14 03:53:00,origen_DAILY_contiene_valores_imputados
120,2009-08-14 04:46:00,origen_DAILY_contiene_valores_imputados
120,2009-08-14 04:48:00,origen_DAILY_contiene_valores_imputados
120,2009-08-14 05:29:00,origen_DAILY_contiene_valores_imputados
120,2009-08-14 07:32:00,origen_DAILY_contiene_valores_imputados
120,2009-08-14 08:46:00,origen_DAILY_contiene_valores_imputados
120,2009-08-14 09:51:00,origen_DAILY_contiene_valores_imputados
120,2009-08-14 11:21:00,origen_DAILY_contiene_valores_imputados
120,2009-08-14 11:24:00,origen_DAILY_contiene_valores_imputados
120,2009-08-14 13:12:00,origen_DAILY_contiene_valores_imputados
120,2009-08-14 13:19:00,origen_DAILY_contiene_valores_imputados
120,2009-08-14 15:16:00,origen_DAILY_contiene_valores_imputados
120,2009-08-14 15:28:00,origen_DAILY_contiene_valores_imputados
120,2009-08-14 16:27:00,origen_DAILY_contiene_valores_imputados
120,2009-08-14 16:29:00,origen_DAILY_contiene_valores_imputados
120,2009-08-14 16:37:00,origen_DAILY_contiene_valores_imputados
120,2009-08-14 17:03:00,origen_DAILY_contiene_valores_imputados
120,2009-08-20 04:53:00,origen_WEEKLY_contiene_valores_imputados
120,2009-08-20 06:24:00,origen_WEEKLY_contiene_valores_imputados
120,2009-08-20 06:57:00,origen_WEEKLY_contiene_valores_imputados
120,2009-08-20 07:45:00,origen_WEEKLY_contiene_valores_imputados
120,2009-08-20 09:10:00,origen_WEEKLY_contiene_valores_imputados
120,2009-08-20 09:33:00,origen_WEEKLY_contiene_valores_imputados
120,2009-08-20 10:32:00,origen_WEEKLY_contiene_valores_imputados
120,2009-08-20 10:50:00,origen_WEEKLY_contiene_valores_imputados
120,2009-08-20 11:08:00,origen_WEEKLY_contiene_valores_imputados
120,2009-08-20 13:47:00,origen_WEEKLY_contiene_valores_imputados
120,2009-08-20 14:29:00,origen_WEEKLY_contiene_valores_imputados
120,2009-08-20 15:32:00,origen_WEEKLY_contiene_valores_imputados
120,2009-08-20 18:31:00,origen_WEEKLY_contiene_valores_imputados
120,2009-09-13 18:02:00,destino_contiene_valores_imputados
120,2009-09-14 18:20:00,origen_DAILY_contiene_valores_imputados
120,2009-09-14 18:30:00,origen_DAILY_contiene_valores_imputados
120,2009-09-20 16:37:00,origen_WEEKLY_contiene_valores_imputados
120,2009-09-20 16:39:00,origen_WEEKLY_contiene_valores_imputados
120,2009-09-20 17:12:00,origen_WEEKLY_contiene_valores_imputados
120,2009-09-20 17:29:00,origen_WEEKLY_contiene_valores_imputados
120,2009-09-30 07:13:00,destino_contiene_valores_imputados
120,2009-09-30 07:50:00,destino_contiene_valores_imputados
120,2009-10-01 07:21:00,origen_DAILY_contiene_valores_imputados
120,2009-10-07 07:47:00,origen_WEEKLY_contiene_valores_imputados
120,2009-10-12 15:19:00,origen_DAILY_contiene_valores_imputados
120,2009-10-12 15:53:00,origen_DAILY_contiene_valores_imputados
120,2009-11-09 19:12:00,destino_contiene_valores_imputados
120,2009-11-09 19:22:00,destino_contiene_valores_imputados
120,2009-11-10 20:01:00,origen_DAILY_contiene_valores_imputados
120,2009-11-10 20:07:00,origen_DAILY_contiene_valores_imputados
120,2009-11-10 20:11:00,origen_DAILY_contiene_valores_imputados
120,2009-11-10 20:17:00,origen_DAILY_contiene_valores_imputados
120,2009-12-10 07:12:00,destino_contiene_valores_imputados
120,2009-12-11 07:34:00,origen_DAILY_contiene_valores_imputados
120,2009-12-11 07:49:00,origen_DAILY_contiene_valores_imputados
360,2009-06-18 18:24:00,destino_dentro_del_calentamiento_de_7_dias_del_pool_para_H
360,2009-06-18 19:12:00,destino_dentro_del_calentamiento_de_7_dias_del_pool_para_H
360,2009-06-18 19:44:00,destino_dentro_del_calentamiento_de_7_dias_del_pool_para_H
360,2009-06-18 20:35:00,destino_dentro_del_calentamiento_de_7_dias_del_pool_para_H
360,2009-06-18 22:00:00,destino_dentro_del_calentamiento_de_7_dias_del_pool_para_H
360,2009-06-18 22:28:00,destino_dentro_del_calentamiento_de_7_dias_del_pool_para_H
360,2009-06-18 23:09:00,destino_dentro_del_calentamiento_de_7_dias_del_pool_para_H
360,2009-06-18 23:52:00,destino_dentro_del_calentamiento_de_7_dias_del_pool_para_H
360,2009-06-19 01:14:00,destino_dentro_del_calentamiento_de_7_dias_del_pool_para_H
360,2009-06-19 01:17:00,destino_dentro_del_calentamiento_de_7_dias_del_pool_para_H
360,2009-06-19 01:26:00,destino_dentro_del_calentamiento_de_7_dias_del_pool_para_H
360,2009-06-19 04:06:00,destino_dentro_del_calentamiento_de_7_dias_del_pool_para_H
360,2009-06-19 05:39:00,destino_dentro_del_calentamiento_de_7_dias_del_pool_para_H
360,2009-06-19 06:16:00,destino_dentro_del_calentamiento_de_7_dias_del_pool_para_H
360,2009-06-19 09:48:00,destino_dentro_del_calentamiento_de_7_dias_del_pool_para_H
360,2009-06-19 10:54:00,destino_dentro_del_calentamiento_de_7_dias_del_pool_para_H
360,2009-06-19 11:08:00,destino_dentro_del_calentamiento_de_7_dias_del_pool_para_H
360,2009-06-19 12:30:00,destino_dentro_del_calentamiento_de_7_dias_del_pool_para_H
360,2009-06-19 12:41:00,destino_dentro_del_calentamiento_de_7_dias_del_pool_para_H
360,2009-06-19 13:07:00,destino_dentro_del_calentamiento_de_7_dias_del_pool_para_H
360,2009-06-19 15:13:00,destino_dentro_del_calentamiento_de_7_dias_del_pool_para_H
360,2009-06-19 15:16:00,destino_dentro_del_calentamiento_de_7_dias_del_pool_para_H
360,2009-06-19 15:30:00,destino_dentro_del_calentamiento_de_7_dias_del_pool_para_H
360,2009-06-19 17:06:00,destino_dentro_del_calentamiento_de_7_dias_del_pool_para_H
360,2009-06-19 18:13:00,destino_dentro_del_calentamiento_de_7_dias_del_pool_para_H
360,2009-06-19 20:41:00,destino_dentro_del_calentamiento_de_7_dias_del_pool_para_H
360,2009-06-19 20:52:00,destino_dentro_del_calentamiento_de_7_dias_del_pool_para_H
360,2009-06-19 22:29:00,destino_dentro_del_calentamiento_de_7_dias_del_pool_para_H
360,2009-06-19 22:54:00,destino_dentro_del_calentamiento_de_7_dias_del_pool_para_H
360,2009-06-19 23:13:00,destino_dentro_del_calentamiento_de_7_dias_del_pool_para_H
360,2009-06-19 23:58:00,destino_dentro_del_calentamiento_de_7_dias_del_pool_para_H
360,2009-06-20 01:05:00,destino_dentro_del_calentamiento_de_7_dias_del_pool_para_H
360,2009-06-20 05:40:00,destino_dentro_del_calentamiento_de_7_dias_del_pool_para_H
360,2009-06-20 05:41:00,destino_dentro_del_calentamiento_de_7_dias_del_pool_para_H
360,2009-06-20 06:49:00,destino_dentro_del_calentamiento_de_7_dias_del_pool_para_H
360,2009-06-20 07:04:00,destino_dentro_del_calentamiento_de_7_dias_del_pool_para_H
360,2009-06-20 07:18:00,destino_dentro_del_calentamiento_de_7_dias_del_pool_para_H
360,2009-06-20 08:14:00,destino_dentro_del_calentamiento_de_7_dias_del_pool_para_H
360,2009-06-20 08:44:00,destino_dentro_del_calentamiento_de_7_dias_del_pool_para_H
360,2009-06-20 09:17:00,destino_dentro_del_calentamiento_de_7_dias_del_pool_para_H
360,2009-06-20 11:12:00,destino_dentro_del_calentamiento_de_7_dias_del_pool_para_H
360,2009-06-20 12:04:00,destino_dentro_del_calentamiento_de_7_dias_del_pool_para_H
360,2009-06-20 12:14:00,destino_dentro_del_calentamiento_de_7_dias_del_pool_para_H
360,2009-06-20 12:45:00,destino_dentro_del_calentamiento_de_7_dias_del_pool_para_H
360,2009-06-20 13:09:00,destino_dentro_del_calentamiento_de_7_dias_del_pool_para_H
360,2009-06-20 14:46:00,destino_dentro_del_calentamiento_de_7_dias_del_pool_para_H
360,2009-06-20 16:35:00,destino_dentro_del_calentamiento_de_7_dias_del_pool_para_H
360,2009-06-20 16:40:00,destino_dentro_del_calentamiento_de_7_dias_del_pool_para_H
360,2009-06-20 17:04:00,destino_dentro_del_calentamiento_de_7_dias_del_pool_para_H
360,2009-06-20 18:43:00,destino_dentro_del_calentamiento_de_7_dias_del_pool_para_H
360,2009-06-20 21:39:00,destino_dentro_del_calentamiento_de_7_dias_del_pool_para_H
360,2009-06-20 22:28:00,destino_dentro_del_calentamiento_de_7_dias_del_pool_para_H
360,2009-06-20 23:04:00,destino_dentro_del_calentamiento_de_7_dias_del_pool_para_H
360,2009-06-20 23:28:00,destino_dentro_del_calentamiento_de_7_dias_del_pool_para_H
360,2009-06-21 00:04:00,destino_dentro_del_calentamiento_de_7_dias_del_pool_para_H
360,2009-06-21 00:23:00,destino_dentro_del_calentamiento_de_7_dias_del_pool_para_H
360,2009-06-21 01:08:00,destino_dentro_del_calentamiento_de_7_dias_del_pool_para_H
360,2009-06-21 01:15:00,destino_dentro_del_calentamiento_de_7_dias_del_pool_para_H
360,2009-06-21 01:38:00,destino_dentro_del_calentamiento_de_7_dias_del_pool_para_H
360,2009-06-21 01:42:00,destino_dentro_del_calentamiento_de_7_dias_del_pool_para_H
360,2009-06-21 02:39:00,destino_dentro_del_calentamiento_de_7_dias_del_pool_para_H
360,2009-06-21 02:52:00,destino_dentro_del_calentamiento_de_7_dias_del_pool_para_H
360,2009-06-21 03:08:00,destino_dentro_del_calentamiento_de_7_dias_del_pool_para_H
360,2009-06-21 03:35:00,destino_dentro_del_calentamiento_de_7_dias_del_pool_para_H
360,2009-06-21 04:22:00,destino_dentro_del_calentamiento_de_7_dias_del_pool_para_H
360,2009-06-21 04:35:00,destino_dentro_del_calentamiento_de_7_dias_del_pool_para_H
360,2009-06-21 06:46:00,destino_dentro_del_calentamiento_de_7_dias_del_pool_para_H
360,2009-06-21 06:49:00,destino_dentro_del_calentamiento_de_7_dias_del_pool_para_H
360,2009-06-21 07:36:00,destino_dentro_del_calentamiento_de_7_dias_del_pool_para_H
360,2009-06-21 08:41:00,destino_dentro_del_calentamiento_de_7_dias_del_pool_para_H
360,2009-06-21 08:56:00,destino_dentro_del_calentamiento_de_7_dias_del_pool_para_H
360,2009-06-21 09:35:00,destino_dentro_del_calentamiento_de_7_dias_del_pool_para_H
360,2009-06-21 09:56:00,destino_dentro_del_calentamiento_de_7_dias_del_pool_para_H
360,2009-06-21 11:08:00,destino_dentro_del_calentamiento_de_7_dias_del_pool_para_H
360,2009-06-21 12:28:00,destino_dentro_del_calentamiento_de_7_dias_del_pool_para_H
360,2009-06-21 13:13:00,destino_dentro_del_calentamiento_de_7_dias_del_pool_para_H
360,2009-06-21 13:51:00,destino_dentro_del_calentamiento_de_7_dias_del_pool_para_H
360,2009-06-21 14:06:00,destino_dentro_del_calentamiento_de_7_dias_del_pool_para_H
360,2009-06-21 14:30:00,destino_dentro_del_calentamiento_de_7_dias_del_pool_para_H
360,2009-06-21 14:49:00,destino_dentro_del_calentamiento_de_7_dias_del_pool_para_H
360,2009-06-21 19:21:00,destino_dentro_del_calentamiento_de_7_dias_del_pool_para_H
360,2009-06-21 20:02:00,destino_dentro_del_calentamiento_de_7_dias_del_pool_para_H
360,2009-06-21 20:52:00,destino_dentro_del_calentamiento_de_7_dias_del_pool_para_H
360,2009-06-21 23:20:00,destino_dentro_del_calentamiento_de_7_dias_del_pool_para_H
360,2009-06-21 23:59:00,destino_dentro_del_calentamiento_de_7_dias_del_pool_para_H
360,2009-06-22 03:25:00,destino_dentro_del_calentamiento_de_7_dias_del_pool_para_H
360,2009-06-22 03:44:00,destino_dentro_del_calentamiento_de_7_dias_del_pool_para_H
360,2009-06-22 03:45:00,destino_dentro_del_calentamiento_de_7_dias_del_pool_para_H
360,2009-06-22 04:26:00,destino_dentro_del_calentamiento_de_7_dias_del_pool_para_H
360,2009-06-22 04:33:00,destino_dentro_del_calentamiento_de_7_dias_del_pool_para_H
360,2009-06-22 05:43:00,destino_dentro_del_calentamiento_de_7_dias_del_pool_para_H
360,2009-06-22 06:06:00,destino_dentro_del_calentamiento_de_7_dias_del_pool_para_H
360,2009-06-22 06:11:00,destino_dentro_del_calentamiento_de_7_dias_del_pool_para_H
360,2009-06-22 06:17:00,destino_dentro_del_calentamiento_de_7_dias_del_pool_para_H
360,2009-06-22 07:09:00,destino_dentro_del_calentamiento_de_7_dias_del_pool_para_H
360,2009-06-22 07:36:00,destino_dentro_del_calentamiento_de_7_dias_del_pool_para_H
360,2009-06-22 07:57:00,destino_dentro_del_calentamiento_de_7_dias_del_pool_para_H
360,2009-06-22 09:51:00,destino_dentro_del_calentamiento_de_7_dias_del_pool_para_H
360,2009-06-22 10:00:00,destino_dentro_del_calentamiento_de_7_dias_del_pool_para_H
360,2009-06-22 10:02:00,destino_dentro_del_calentamiento_de_7_dias_del_pool_para_H
360,2009-06-22 10:11:00,destino_dentro_del_calentamiento_de_7_dias_del_pool_para_H
360,2009-06-22 10:16:00,destino_dentro_del_calentamiento_de_7_dias_del_pool_para_H
360,2009-06-22 10:39:00,destino_dentro_del_calentamiento_de_7_dias_del_pool_para_H
360,2009-06-22 11:38:00,destino_dentro_del_calentamiento_de_7_dias_del_pool_para_H
360,2009-06-22 11:56:00,destino_dentro_del_calentamiento_de_7_dias_del_pool_para_H
360,2009-06-22 12:14:00,destino_dentro_del_calentamiento_de_7_dias_del_pool_para_H
360,2009-06-22 12:45:00,destino_dentro_del_calentamiento_de_7_dias_del_pool_para_H
360,2009-06-22 12:54:00,destino_dentro_del_calentamiento_de_7_dias_del_pool_para_H
360,2009-06-22 14:21:00,destino_dentro_del_calentamiento_de_7_dias_del_pool_para_H
360,2009-06-22 15:25:00,destino_dentro_del_calentamiento_de_7_dias_del_pool_para_H
360,2009-06-22 16:28:00,destino_dentro_del_calentamiento_de_7_dias_del_pool_para_H
360,2009-06-22 19:47:00,destino_dentro_del_calentamiento_de_7_dias_del_pool_para_H
360,2009-06-22 20:29:00,destino_dentro_del_calentamiento_de_7_dias_del_pool_para_H
360,2009-06-22 20:56:00,destino_dentro_del_calentamiento_de_7_dias_del_pool_para_H
360,2009-06-22 23:28:00,destino_dentro_del_calentamiento_de_7_dias_del_pool_para_H
360,2009-06-23 01:28:00,destino_dentro_del_calentamiento_de_7_dias_del_pool_para_H
360,2009-06-23 01:44:00,destino_dentro_del_calentamiento_de_7_dias_del_pool_para_H
360,2009-06-23 02:32:00,destino_dentro_del_calentamiento_de_7_dias_del_pool_para_H
360,2009-06-23 02:41:00,destino_dentro_del_calentamiento_de_7_dias_del_pool_para_H
360,2009-06-23 03:15:00,destino_dentro_del_calentamiento_de_7_dias_del_pool_para_H
360,2009-06-23 04:48:00,destino_dentro_del_calentamiento_de_7_dias_del_pool_para_H
360,2009-06-23 05:36:00,destino_dentro_del_calentamiento_de_7_dias_del_pool_para_H
360,2009-06-23 06:16:00,destino_dentro_del_calentamiento_de_7_dias_del_pool_para_H
360,2009-06-23 10:08:00,destino_dentro_del_calentamiento_de_7_dias_del_pool_para_H
360,2009-06-23 11:06:00,destino_dentro_del_calentamiento_de_7_dias_del_pool_para_H
360,2009-06-23 14:07:00,destino_dentro_del_calentamiento_de_7_dias_del_pool_para_H
360,2009-06-23 16:05:00,destino_dentro_del_calentamiento_de_7_dias_del_pool_para_H
360,2009-06-23 20:35:00,destino_dentro_del_calentamiento_de_7_dias_del_pool_para_H
360,2009-06-23 20:53:00,destino_dentro_del_calentamiento_de_7_dias_del_pool_para_H
360,2009-06-23 21:22:00,destino_dentro_del_calentamiento_de_7_dias_del_pool_para_H
360,2009-06-24 00:46:00,destino_dentro_del_calentamiento_de_7_dias_del_pool_para_H
360,2009-06-24 03:31:00,destino_dentro_del_calentamiento_de_7_dias_del_pool_para_H
360,2009-06-24 06:07:00,destino_dentro_del_calentamiento_de_7_dias_del_pool_para_H
360,2009-06-24 06:21:00,destino_dentro_del_calentamiento_de_7_dias_del_pool_para_H
360,2009-06-24 09:59:00,destino_dentro_del_calentamiento_de_7_dias_del_pool_para_H
360,2009-06-24 10:59:00,destino_dentro_del_calentamiento_de_7_dias_del_pool_para_H
360,2009-06-24 15:31:00,destino_dentro_del_calentamiento_de_7_dias_del_pool_para_H
360,2009-06-24 15:35:00,destino_dentro_del_calentamiento_de_7_dias_del_pool_para_H
360,2009-06-24 16:08:00,destino_dentro_del_calentamiento_de_7_dias_del_pool_para_H
360,2009-06-24 16:23:00,destino_dentro_del_calentamiento_de_7_dias_del_pool_para_H
360,2009-06-24 16:51:00,destino_dentro_del_calentamiento_de_7_dias_del_pool_para_H
360,2009-06-24 18:51:00,destino_dentro_del_calentamiento_de_7_dias_del_pool_para_H
360,2009-06-24 19:53:00,destino_dentro_del_calentamiento_de_7_dias_del_pool_para_H
360,2009-06-24 20:57:00,destino_dentro_del_calentamiento_de_7_dias_del_pool_para_H
360,2009-06-24 23:56:00,destino_dentro_del_calentamiento_de_7_dias_del_pool_para_H
360,2009-06-25 01:55:00,destino_dentro_del_calentamiento_de_7_dias_del_pool_para_H
360,2009-06-25 03:40:00,destino_dentro_del_calentamiento_de_7_dias_del_pool_para_H
360,2009-06-25 04:15:00,destino_dentro_del_calentamiento_de_7_dias_del_pool_para_H
360,2009-06-25 05:32:00,destino_dentro_del_calentamiento_de_7_dias_del_pool_para_H
360,2009-06-25 06:01:00,destino_dentro_del_calentamiento_de_7_dias_del_pool_para_H
360,2009-06-25 06:17:00,destino_dentro_del_calentamiento_de_7_dias_del_pool_para_H
360,2009-06-25 06:38:00,destino_dentro_del_calentamiento_de_7_dias_del_pool_para_H
360,2009-06-25 07:51:00,destino_dentro_del_calentamiento_de_7_dias_del_pool_para_H
360,2009-06-25 08:14:00,destino_dentro_del_calentamiento_de_7_dias_del_pool_para_H
360,2009-06-25 08:41:00,destino_dentro_del_calentamiento_de_7_dias_del_pool_para_H
360,2009-06-25 08:47:00,destino_dentro_del_calentamiento_de_7_dias_del_pool_para_H
360,2009-06-25 09:14:00,destino_dentro_del_calentamiento_de_7_dias_del_pool_para_H
360,2009-06-25 09:23:00,destino_dentro_del_calentamiento_de_7_dias_del_pool_para_H
360,2009-06-25 09:59:00,destino_dentro_del_calentamiento_de_7_dias_del_pool_para_H
360,2009-06-25 12:19:00,destino_dentro_del_calentamiento_de_7_dias_del_pool_para_H
360,2009-06-25 13:19:00,destino_dentro_del_calentamiento_de_7_dias_del_pool_para_H
360,2009-06-25 13:34:00,destino_dentro_del_calentamiento_de_7_dias_del_pool_para_H
360,2009-06-25 14:18:00,destino_dentro_del_calentamiento_de_7_dias_del_pool_para_H
360,2009-06-25 14:38:00,destino_dentro_del_calentamiento_de_7_dias_del_pool_para_H
360,2009-06-25 15:29:00,destino_dentro_del_calentamiento_de_7_dias_del_pool_para_H
360,2009-07-10 18:48:00,destino_contiene_valores_imputados
360,2009-07-10 22:16:00,destino_contiene_valores_imputados
360,2009-07-11 16:46:00,origen_DAILY_contiene_valores_imputados
360,2009-07-11 17:44:00,origen_DAILY_contiene_valores_imputados
360,2009-07-11 17:50:00,origen_DAILY_contiene_valores_imputados
360,2009-07-11 18:27:00,origen_DAILY_contiene_valores_imputados
360,2009-07-11 20:38:00,origen_DAILY_contiene_valores_imputados
360,2009-07-11 20:44:00,origen_DAILY_contiene_valores_imputados
360,2009-07-11 21:08:00,origen_DAILY_contiene_valores_imputados
360,2009-07-11 21:21:00,origen_DAILY_contiene_valores_imputados
360,2009-07-11 21:29:00,origen_DAILY_contiene_valores_imputados
360,2009-07-11 22:26:00,origen_DAILY_contiene_valores_imputados
360,2009-07-17 16:42:00,origen_WEEKLY_contiene_valores_imputados
360,2009-07-17 16:58:00,origen_WEEKLY_contiene_valores_imputados
360,2009-07-17 17:20:00,origen_WEEKLY_contiene_valores_imputados
360,2009-07-17 17:44:00,origen_WEEKLY_contiene_valores_imputados
360,2009-07-17 20:33:00,origen_WEEKLY_contiene_valores_imputados
360,2009-07-17 20:35:00,origen_WEEKLY_contiene_valores_imputados
360,2009-07-17 21:38:00,origen_WEEKLY_contiene_valores_imputados
360,2009-08-12 23:17:00,destino_contiene_valores_imputados
360,2009-08-13 00:09:00,destino_contiene_valores_imputados
360,2009-08-13 01:47:00,destino_contiene_valores_imputados
360,2009-08-13 02:09:00,destino_contiene_valores_imputados
360,2009-08-13 02:16:00,destino_contiene_valores_imputados
360,2009-08-13 03:48:00,destino_contiene_valores_imputados
360,2009-08-13 05:04:00,destino_contiene_valores_imputados
360,2009-08-13 07:03:00,destino_contiene_valores_imputados
360,2009-08-13 08:38:00,destino_contiene_valores_imputados
360,2009-08-13 08:54:00,destino_contiene_valores_imputados
360,2009-08-13 13:58:00,destino_contiene_valores_imputados
360,2009-08-13 14:07:00,destino_contiene_valores_imputados
360,2009-08-13 15:24:00,destino_contiene_valores_imputados
360,2009-08-13 15:28:00,destino_contiene_valores_imputados
360,2009-08-13 17:43:00,destino_contiene_valores_imputados
360,2009-08-13 17:44:00,destino_contiene_valores_imputados
360,2009-08-13 18:15:00,destino_contiene_valores_imputados
360,2009-08-13 18:46:00,destino_contiene_valores_imputados
360,2009-08-14 00:25:00,origen_DAILY_contiene_valores_imputados
360,2009-08-14 04:23:00,origen_DAILY_contiene_valores_imputados
360,2009-08-14 04:54:00,origen_DAILY_contiene_valores_imputados
360,2009-08-14 05:05:00,origen_DAILY_contiene_valores_imputados
360,2009-08-14 05:24:00,origen_DAILY_contiene_valores_imputados
360,2009-08-14 10:01:00,origen_DAILY_contiene_valores_imputados
360,2009-08-14 10:08:00,origen_DAILY_contiene_valores_imputados
360,2009-08-14 11:15:00,origen_DAILY_contiene_valores_imputados
360,2009-08-14 11:41:00,origen_DAILY_contiene_valores_imputados
360,2009-08-14 11:46:00,origen_DAILY_contiene_valores_imputados
360,2009-08-14 12:58:00,origen_DAILY_contiene_valores_imputados
360,2009-08-14 14:46:00,origen_DAILY_contiene_valores_imputados
360,2009-08-14 17:49:00,origen_DAILY_contiene_valores_imputados
360,2009-08-14 18:47:00,origen_DAILY_contiene_valores_imputados
360,2009-08-19 23:53:00,origen_WEEKLY_contiene_valores_imputados
360,2009-08-20 00:25:00,origen_WEEKLY_contiene_valores_imputados
360,2009-08-20 00:53:00,origen_WEEKLY_contiene_valores_imputados
360,2009-08-20 01:17:00,origen_WEEKLY_contiene_valores_imputados
360,2009-08-20 01:42:00,origen_WEEKLY_contiene_valores_imputados
360,2009-08-20 02:35:00,origen_WEEKLY_contiene_valores_imputados
360,2009-08-20 04:18:00,origen_WEEKLY_contiene_valores_imputados
360,2009-08-20 04:33:00,origen_WEEKLY_contiene_valores_imputados
360,2009-08-20 04:56:00,origen_WEEKLY_contiene_valores_imputados
360,2009-08-20 05:12:00,origen_WEEKLY_contiene_valores_imputados
360,2009-08-20 06:08:00,origen_WEEKLY_contiene_valores_imputados
360,2009-08-20 07:08:00,origen_WEEKLY_contiene_valores_imputados
360,2009-08-20 08:35:00,origen_WEEKLY_contiene_valores_imputados
360,2009-08-20 08:50:00,origen_WEEKLY_contiene_valores_imputados
360,2009-08-20 12:42:00,origen_WEEKLY_contiene_valores_imputados
360,2009-08-20 12:59:00,origen_WEEKLY_contiene_valores_imputados
360,2009-08-20 13:53:00,origen_WEEKLY_contiene_valores_imputados
360,2009-08-20 14:49:00,origen_WEEKLY_contiene_valores_imputados
360,2009-08-20 16:48:00,origen_WEEKLY_contiene_valores_imputados
360,2009-08-20 17:35:00,origen_WEEKLY_contiene_valores_imputados
360,2009-08-20 18:02:00,origen_WEEKLY_contiene_valores_imputados
360,2009-08-20 18:43:00,origen_WEEKLY_contiene_valores_imputados
360,2009-09-13 12:55:00,destino_contiene_valores_imputados
360,2009-09-13 12:59:00,destino_contiene_valores_imputados
360,2009-09-13 13:09:00,destino_contiene_valores_imputados
360,2009-09-13 16:08:00,destino_contiene_valores_imputados
360,2009-09-13 17:17:00,destino_contiene_valores_imputados
360,2009-09-13 18:24:00,destino_contiene_valores_imputados
360,2009-09-14 14:22:00,origen_DAILY_contiene_valores_imputados
360,2009-09-14 15:14:00,origen_DAILY_contiene_valores_imputados
360,2009-09-14 16:50:00,origen_DAILY_contiene_valores_imputados
360,2009-09-14 17:31:00,origen_DAILY_contiene_valores_imputados
360,2009-09-20 14:12:00,origen_WEEKLY_contiene_valores_imputados
360,2009-09-20 14:34:00,origen_WEEKLY_contiene_valores_imputados
360,2009-09-20 14:55:00,origen_WEEKLY_contiene_valores_imputados
360,2009-09-20 15:47:00,origen_WEEKLY_contiene_valores_imputados
360,2009-09-20 17:28:00,origen_WEEKLY_contiene_valores_imputados
360,2009-09-30 03:26:00,destino_contiene_valores_imputados
360,2009-09-30 03:28:00,destino_contiene_valores_imputados
360,2009-09-30 04:34:00,destino_contiene_valores_imputados
360,2009-09-30 04:53:00,destino_contiene_valores_imputados
360,2009-09-30 06:35:00,destino_contiene_valores_imputados
360,2009-09-30 07:54:00,destino_contiene_valores_imputados
360,2009-09-30 07:55:00,destino_contiene_valores_imputados
360,2009-10-01 05:24:00,origen_DAILY_contiene_valores_imputados
360,2009-10-01 06:28:00,origen_DAILY_contiene_valores_imputados
360,2009-10-01 07:24:00,origen_DAILY_contiene_valores_imputados
360,2009-10-01 08:40:00,origen_DAILY_contiene_valores_imputados
360,2009-10-07 02:54:00,origen_WEEKLY_contiene_valores_imputados
360,2009-10-07 04:12:00,origen_WEEKLY_contiene_valores_imputados
360,2009-10-07 04:29:00,origen_WEEKLY_contiene_valores_imputados
360,2009-10-07 05:30:00,origen_WEEKLY_contiene_valores_imputados
360,2009-10-07 05:33:00,origen_WEEKLY_contiene_valores_imputados
360,2009-10-07 06:51:00,origen_WEEKLY_contiene_valores_imputados
360,2009-10-07 07:51:00,origen_WEEKLY_contiene_valores_imputados
360,2009-10-07 08:06:00,origen_WEEKLY_contiene_valores_imputados
360,2009-10-11 11:24:00,destino_contiene_valores_imputados
360,2009-10-11 11:51:00,destino_contiene_valores_imputados
360,2009-10-11 12:41:00,destino_contiene_valores_imputados
360,2009-10-11 14:34:00,destino_contiene_valores_imputados
360,2009-10-11 15:36:00,destino_contiene_valores_imputados
360,2009-10-11 16:10:00,destino_contiene_valores_imputados
360,2009-10-11 16:45:00,destino_contiene_valores_imputados
360,2009-10-12 11:48:00,origen_DAILY_contiene_valores_imputados
360,2009-10-12 13:53:00,origen_DAILY_contiene_valores_imputados
360,2009-10-12 14:08:00,origen_DAILY_contiene_valores_imputados
360,2009-10-12 16:52:00,origen_DAILY_contiene_valores_imputados
360,2009-10-18 12:31:00,origen_WEEKLY_contiene_valores_imputados
360,2009-10-18 12:46:00,origen_WEEKLY_contiene_valores_imputados
360,2009-10-18 13:12:00,origen_WEEKLY_contiene_valores_imputados
360,2009-10-18 13:13:00,origen_WEEKLY_contiene_valores_imputados
360,2009-10-18 13:57:00,origen_WEEKLY_contiene_valores_imputados
360,2009-10-18 17:03:00,origen_WEEKLY_contiene_valores_imputados
360,2009-11-09 14:51:00,destino_contiene_valores_imputados
360,2009-11-09 15:24:00,destino_contiene_valores_imputados
360,2009-11-09 15:28:00,destino_contiene_valores_imputados
360,2009-11-09 17:07:00,destino_contiene_valores_imputados
360,2009-11-09 17:17:00,destino_contiene_valores_imputados
360,2009-11-09 18:46:00,destino_contiene_valores_imputados
360,2009-11-09 18:48:00,destino_contiene_valores_imputados
360,2009-11-10 17:17:00,origen_DAILY_contiene_valores_imputados
360,2009-11-10 18:14:00,origen_DAILY_contiene_valores_imputados
360,2009-11-10 18:28:00,origen_DAILY_contiene_valores_imputados
360,2009-11-10 19:42:00,origen_DAILY_contiene_valores_imputados
360,2009-11-10 20:22:00,origen_DAILY_contiene_valores_imputados
360,2009-11-10 20:25:00,origen_DAILY_contiene_valores_imputados
360,2009-11-16 16:15:00,origen_WEEKLY_contiene_valores_imputados
360,2009-11-16 16:18:00,origen_WEEKLY_contiene_valores_imputados
360,2009-11-16 16:58:00,origen_WEEKLY_contiene_valores_imputados
360,2009-11-16 17:00:00,origen_WEEKLY_contiene_valores_imputados
360,2009-11-16 18:35:00,origen_WEEKLY_contiene_valores_imputados
360,2009-11-16 19:09:00,origen_WEEKLY_contiene_valores_imputados
360,2009-12-10 03:22:00,destino_contiene_valores_imputados
360,2009-12-10 03:58:00,destino_contiene_valores_imputados
360,2009-12-10 04:45:00,destino_contiene_valores_imputados
360,2009-12-10 05:20:00,destino_contiene_valores_imputados
360,2009-12-10 05:25:00,destino_contiene_valores_imputados
360,2009-12-10 05:27:00,destino_contiene_valores_imputados
360,2009-12-10 06:57:00,destino_contiene_valores_imputados
360,2009-12-11 03:02:00,origen_DAILY_contiene_valores_imputados
360,2009-12-11 03:56:00,origen_DAILY_contiene_valores_imputados
360,2009-12-11 04:28:00,origen_DAILY_contiene_valores_imputados
360,2009-12-11 06:57:00,origen_DAILY_contiene_valores_imputados
1440,2009-06-18 20:39:00,destino_dentro_del_calentamiento_de_7_dias_del_pool_para_H
1440,2009-06-18 20:40:00,destino_dentro_del_calentamiento_de_7_dias_del_pool_para_H
1440,2009-06-18 22:03:00,destino_dentro_del_calentamiento_de_7_dias_del_pool_para_H
1440,2009-06-19 02:56:00,destino_dentro_del_calentamiento_de_7_dias_del_pool_para_H
1440,2009-06-19 04:17:00,destino_dentro_del_calentamiento_de_7_dias_del_pool_para_H
1440,2009-06-19 05:28:00,destino_dentro_del_calentamiento_de_7_dias_del_pool_para_H
1440,2009-06-19 05:40:00,destino_dentro_del_calentamiento_de_7_dias_del_pool_para_H
1440,2009-06-19 08:57:00,destino_dentro_del_calentamiento_de_7_dias_del_pool_para_H
1440,2009-06-19 09:15:00,destino_dentro_del_calentamiento_de_7_dias_del_pool_para_H
1440,2009-06-19 10:54:00,destino_dentro_del_calentamiento_de_7_dias_del_pool_para_H
1440,2009-06-19 15:33:00,destino_dentro_del_calentamiento_de_7_dias_del_pool_para_H
1440,2009-06-19 16:15:00,destino_dentro_del_calentamiento_de_7_dias_del_pool_para_H
1440,2009-06-19 18:18:00,destino_dentro_del_calentamiento_de_7_dias_del_pool_para_H
1440,2009-06-19 18:33:00,destino_dentro_del_calentamiento_de_7_dias_del_pool_para_H
1440,2009-06-19 18:55:00,destino_dentro_del_calentamiento_de_7_dias_del_pool_para_H
1440,2009-06-19 20:56:00,destino_dentro_del_calentamiento_de_7_dias_del_pool_para_H
1440,2009-06-19 21:34:00,destino_dentro_del_calentamiento_de_7_dias_del_pool_para_H
1440,2009-06-19 21:39:00,destino_dentro_del_calentamiento_de_7_dias_del_pool_para_H
1440,2009-06-19 23:00:00,destino_dentro_del_calentamiento_de_7_dias_del_pool_para_H
1440,2009-06-20 00:51:00,destino_dentro_del_calentamiento_de_7_dias_del_pool_para_H
1440,2009-06-20 03:13:00,destino_dentro_del_calentamiento_de_7_dias_del_pool_para_H
1440,2009-06-20 03:25:00,destino_dentro_del_calentamiento_de_7_dias_del_pool_para_H
1440,2009-06-20 04:07:00,destino_dentro_del_calentamiento_de_7_dias_del_pool_para_H
1440,2009-06-20 04:33:00,destino_dentro_del_calentamiento_de_7_dias_del_pool_para_H
1440,2009-06-20 05:05:00,destino_dentro_del_calentamiento_de_7_dias_del_pool_para_H
1440,2009-06-20 05:53:00,destino_dentro_del_calentamiento_de_7_dias_del_pool_para_H
1440,2009-06-20 06:26:00,destino_dentro_del_calentamiento_de_7_dias_del_pool_para_H
1440,2009-06-20 06:36:00,destino_dentro_del_calentamiento_de_7_dias_del_pool_para_H
1440,2009-06-20 07:09:00,destino_dentro_del_calentamiento_de_7_dias_del_pool_para_H
1440,2009-06-20 10:25:00,destino_dentro_del_calentamiento_de_7_dias_del_pool_para_H
1440,2009-06-20 11:19:00,destino_dentro_del_calentamiento_de_7_dias_del_pool_para_H
1440,2009-06-20 11:52:00,destino_dentro_del_calentamiento_de_7_dias_del_pool_para_H
1440,2009-06-20 14:36:00,destino_dentro_del_calentamiento_de_7_dias_del_pool_para_H
1440,2009-06-20 15:18:00,destino_dentro_del_calentamiento_de_7_dias_del_pool_para_H
1440,2009-06-20 16:12:00,destino_dentro_del_calentamiento_de_7_dias_del_pool_para_H
1440,2009-06-20 17:01:00,destino_dentro_del_calentamiento_de_7_dias_del_pool_para_H
1440,2009-06-20 17:02:00,destino_dentro_del_calentamiento_de_7_dias_del_pool_para_H
1440,2009-06-20 18:44:00,destino_dentro_del_calentamiento_de_7_dias_del_pool_para_H
1440,2009-06-20 20:40:00,destino_dentro_del_calentamiento_de_7_dias_del_pool_para_H
1440,2009-06-20 23:43:00,destino_dentro_del_calentamiento_de_7_dias_del_pool_para_H
1440,2009-06-21 00:36:00,destino_dentro_del_calentamiento_de_7_dias_del_pool_para_H
1440,2009-06-21 01:38:00,destino_dentro_del_calentamiento_de_7_dias_del_pool_para_H
1440,2009-06-21 02:34:00,destino_dentro_del_calentamiento_de_7_dias_del_pool_para_H
1440,2009-06-21 03:39:00,destino_dentro_del_calentamiento_de_7_dias_del_pool_para_H
1440,2009-06-21 04:11:00,destino_dentro_del_calentamiento_de_7_dias_del_pool_para_H
1440,2009-06-21 04:25:00,destino_dentro_del_calentamiento_de_7_dias_del_pool_para_H
1440,2009-06-21 05:51:00,destino_dentro_del_calentamiento_de_7_dias_del_pool_para_H
1440,2009-06-21 06:31:00,destino_dentro_del_calentamiento_de_7_dias_del_pool_para_H
1440,2009-06-21 07:05:00,destino_dentro_del_calentamiento_de_7_dias_del_pool_para_H
1440,2009-06-21 07:25:00,destino_dentro_del_calentamiento_de_7_dias_del_pool_para_H
1440,2009-06-21 09:35:00,destino_dentro_del_calentamiento_de_7_dias_del_pool_para_H
1440,2009-06-21 15:26:00,destino_dentro_del_calentamiento_de_7_dias_del_pool_para_H
1440,2009-06-21 16:34:00,destino_dentro_del_calentamiento_de_7_dias_del_pool_para_H
1440,2009-06-21 17:29:00,destino_dentro_del_calentamiento_de_7_dias_del_pool_para_H
1440,2009-06-21 18:26:00,destino_dentro_del_calentamiento_de_7_dias_del_pool_para_H
1440,2009-06-21 20:26:00,destino_dentro_del_calentamiento_de_7_dias_del_pool_para_H
1440,2009-06-21 20:43:00,destino_dentro_del_calentamiento_de_7_dias_del_pool_para_H
1440,2009-06-21 21:51:00,destino_dentro_del_calentamiento_de_7_dias_del_pool_para_H
1440,2009-06-22 00:55:00,destino_dentro_del_calentamiento_de_7_dias_del_pool_para_H
1440,2009-06-22 01:58:00,destino_dentro_del_calentamiento_de_7_dias_del_pool_para_H
1440,2009-06-22 02:26:00,destino_dentro_del_calentamiento_de_7_dias_del_pool_para_H
1440,2009-06-22 03:08:00,destino_dentro_del_calentamiento_de_7_dias_del_pool_para_H
1440,2009-06-22 03:26:00,destino_dentro_del_calentamiento_de_7_dias_del_pool_para_H
1440,2009-06-22 04:14:00,destino_dentro_del_calentamiento_de_7_dias_del_pool_para_H
1440,2009-06-22 04:19:00,destino_dentro_del_calentamiento_de_7_dias_del_pool_para_H
1440,2009-06-22 04:36:00,destino_dentro_del_calentamiento_de_7_dias_del_pool_para_H
1440,2009-06-22 04:48:00,destino_dentro_del_calentamiento_de_7_dias_del_pool_para_H
1440,2009-06-22 05:47:00,destino_dentro_del_calentamiento_de_7_dias_del_pool_para_H
1440,2009-06-22 05:54:00,destino_dentro_del_calentamiento_de_7_dias_del_pool_para_H
1440,2009-06-22 05:56:00,destino_dentro_del_calentamiento_de_7_dias_del_pool_para_H
1440,2009-06-22 06:08:00,destino_dentro_del_calentamiento_de_7_dias_del_pool_para_H
1440,2009-06-22 06:41:00,destino_dentro_del_calentamiento_de_7_dias_del_pool_para_H
1440,2009-06-22 07:57:00,destino_dentro_del_calentamiento_de_7_dias_del_pool_para_H
1440,2009-06-22 08:45:00,destino_dentro_del_calentamiento_de_7_dias_del_pool_para_H
1440,2009-06-22 08:59:00,destino_dentro_del_calentamiento_de_7_dias_del_pool_para_H
1440,2009-06-22 10:35:00,destino_dentro_del_calentamiento_de_7_dias_del_pool_para_H
1440,2009-06-22 12:01:00,destino_dentro_del_calentamiento_de_7_dias_del_pool_para_H
1440,2009-06-22 13:02:00,destino_dentro_del_calentamiento_de_7_dias_del_pool_para_H
1440,2009-06-22 13:55:00,destino_dentro_del_calentamiento_de_7_dias_del_pool_para_H
1440,2009-06-22 14:01:00,destino_dentro_del_calentamiento_de_7_dias_del_pool_para_H
1440,2009-06-22 14:34:00,destino_dentro_del_calentamiento_de_7_dias_del_pool_para_H
1440,2009-06-22 16:45:00,destino_dentro_del_calentamiento_de_7_dias_del_pool_para_H
1440,2009-06-22 16:52:00,destino_dentro_del_calentamiento_de_7_dias_del_pool_para_H
1440,2009-06-22 17:16:00,destino_dentro_del_calentamiento_de_7_dias_del_pool_para_H
1440,2009-06-22 18:42:00,destino_dentro_del_calentamiento_de_7_dias_del_pool_para_H
1440,2009-06-22 20:36:00,destino_dentro_del_calentamiento_de_7_dias_del_pool_para_H
1440,2009-06-22 21:29:00,destino_dentro_del_calentamiento_de_7_dias_del_pool_para_H
1440,2009-06-23 01:00:00,destino_dentro_del_calentamiento_de_7_dias_del_pool_para_H
1440,2009-06-23 01:49:00,destino_dentro_del_calentamiento_de_7_dias_del_pool_para_H
1440,2009-06-23 02:54:00,destino_dentro_del_calentamiento_de_7_dias_del_pool_para_H
1440,2009-06-23 03:06:00,destino_dentro_del_calentamiento_de_7_dias_del_pool_para_H
1440,2009-06-23 03:11:00,destino_dentro_del_calentamiento_de_7_dias_del_pool_para_H
1440,2009-06-23 10:19:00,destino_dentro_del_calentamiento_de_7_dias_del_pool_para_H
1440,2009-06-23 11:02:00,destino_dentro_del_calentamiento_de_7_dias_del_pool_para_H
1440,2009-06-23 12:30:00,destino_dentro_del_calentamiento_de_7_dias_del_pool_para_H
1440,2009-06-23 12:57:00,destino_dentro_del_calentamiento_de_7_dias_del_pool_para_H
1440,2009-06-23 13:05:00,destino_dentro_del_calentamiento_de_7_dias_del_pool_para_H
1440,2009-06-23 14:24:00,destino_dentro_del_calentamiento_de_7_dias_del_pool_para_H
1440,2009-06-23 15:03:00,destino_dentro_del_calentamiento_de_7_dias_del_pool_para_H
1440,2009-06-23 15:10:00,destino_dentro_del_calentamiento_de_7_dias_del_pool_para_H
1440,2009-06-23 15:19:00,destino_dentro_del_calentamiento_de_7_dias_del_pool_para_H
1440,2009-06-23 16:13:00,destino_dentro_del_calentamiento_de_7_dias_del_pool_para_H
1440,2009-06-23 16:43:00,destino_dentro_del_calentamiento_de_7_dias_del_pool_para_H
1440,2009-06-23 18:44:00,destino_dentro_del_calentamiento_de_7_dias_del_pool_para_H
1440,2009-06-23 19:11:00,destino_dentro_del_calentamiento_de_7_dias_del_pool_para_H
1440,2009-06-23 20:43:00,destino_dentro_del_calentamiento_de_7_dias_del_pool_para_H
1440,2009-06-23 20:47:00,destino_dentro_del_calentamiento_de_7_dias_del_pool_para_H
1440,2009-06-23 21:54:00,destino_dentro_del_calentamiento_de_7_dias_del_pool_para_H
1440,2009-06-23 21:58:00,destino_dentro_del_calentamiento_de_7_dias_del_pool_para_H
1440,2009-06-23 22:18:00,destino_dentro_del_calentamiento_de_7_dias_del_pool_para_H
1440,2009-06-23 23:09:00,destino_dentro_del_calentamiento_de_7_dias_del_pool_para_H
1440,2009-06-23 23:57:00,destino_dentro_del_calentamiento_de_7_dias_del_pool_para_H
1440,2009-06-24 01:02:00,destino_dentro_del_calentamiento_de_7_dias_del_pool_para_H
1440,2009-06-24 02:06:00,destino_dentro_del_calentamiento_de_7_dias_del_pool_para_H
1440,2009-06-24 04:11:00,destino_dentro_del_calentamiento_de_7_dias_del_pool_para_H
1440,2009-06-24 04:31:00,destino_dentro_del_calentamiento_de_7_dias_del_pool_para_H
1440,2009-06-24 04:36:00,destino_dentro_del_calentamiento_de_7_dias_del_pool_para_H
1440,2009-06-24 06:04:00,destino_dentro_del_calentamiento_de_7_dias_del_pool_para_H
1440,2009-06-24 07:36:00,destino_dentro_del_calentamiento_de_7_dias_del_pool_para_H
1440,2009-06-24 08:28:00,destino_dentro_del_calentamiento_de_7_dias_del_pool_para_H
1440,2009-06-24 09:35:00,destino_dentro_del_calentamiento_de_7_dias_del_pool_para_H
1440,2009-06-24 10:08:00,destino_dentro_del_calentamiento_de_7_dias_del_pool_para_H
1440,2009-06-24 10:50:00,destino_dentro_del_calentamiento_de_7_dias_del_pool_para_H
1440,2009-06-24 10:52:00,destino_dentro_del_calentamiento_de_7_dias_del_pool_para_H
1440,2009-06-24 11:10:00,destino_dentro_del_calentamiento_de_7_dias_del_pool_para_H
1440,2009-06-24 11:47:00,destino_dentro_del_calentamiento_de_7_dias_del_pool_para_H
1440,2009-06-24 15:40:00,destino_dentro_del_calentamiento_de_7_dias_del_pool_para_H
1440,2009-06-24 16:59:00,destino_dentro_del_calentamiento_de_7_dias_del_pool_para_H
1440,2009-06-24 17:04:00,destino_dentro_del_calentamiento_de_7_dias_del_pool_para_H
1440,2009-06-24 17:51:00,destino_dentro_del_calentamiento_de_7_dias_del_pool_para_H
1440,2009-06-24 18:30:00,destino_dentro_del_calentamiento_de_7_dias_del_pool_para_H
1440,2009-06-24 20:17:00,destino_dentro_del_calentamiento_de_7_dias_del_pool_para_H
1440,2009-06-24 21:56:00,destino_dentro_del_calentamiento_de_7_dias_del_pool_para_H
1440,2009-06-24 22:05:00,destino_dentro_del_calentamiento_de_7_dias_del_pool_para_H
1440,2009-06-24 23:32:00,destino_dentro_del_calentamiento_de_7_dias_del_pool_para_H
1440,2009-06-24 23:41:00,destino_dentro_del_calentamiento_de_7_dias_del_pool_para_H
1440,2009-06-25 00:03:00,destino_dentro_del_calentamiento_de_7_dias_del_pool_para_H
1440,2009-06-25 00:05:00,destino_dentro_del_calentamiento_de_7_dias_del_pool_para_H
1440,2009-06-25 00:51:00,destino_dentro_del_calentamiento_de_7_dias_del_pool_para_H
1440,2009-06-25 01:45:00,destino_dentro_del_calentamiento_de_7_dias_del_pool_para_H
1440,2009-06-25 01:46:00,destino_dentro_del_calentamiento_de_7_dias_del_pool_para_H
1440,2009-06-25 05:32:00,destino_dentro_del_calentamiento_de_7_dias_del_pool_para_H
1440,2009-06-25 06:33:00,destino_dentro_del_calentamiento_de_7_dias_del_pool_para_H
1440,2009-06-25 07:40:00,destino_dentro_del_calentamiento_de_7_dias_del_pool_para_H
1440,2009-06-25 08:15:00,destino_dentro_del_calentamiento_de_7_dias_del_pool_para_H
1440,2009-06-25 10:43:00,destino_dentro_del_calentamiento_de_7_dias_del_pool_para_H
1440,2009-06-25 15:08:00,destino_dentro_del_calentamiento_de_7_dias_del_pool_para_H
1440,2009-06-25 15:16:00,destino_dentro_del_calentamiento_de_7_dias_del_pool_para_H
1440,2009-06-25 16:49:00,destino_dentro_del_calentamiento_de_7_dias_del_pool_para_H
1440,2009-07-09 23:29:00,destino_contiene_valores_imputados
1440,2009-07-09 23:50:00,destino_contiene_valores_imputados
1440,2009-07-09 23:58:00,destino_contiene_valores_imputados
1440,2009-07-10 01:37:00,destino_contiene_valores_imputados
1440,2009-07-10 01:42:00,destino_contiene_valores_imputados
1440,2009-07-10 02:14:00,destino_contiene_valores_imputados
1440,2009-07-10 02:40:00,destino_contiene_valores_imputados
1440,2009-07-10 04:03:00,destino_contiene_valores_imputados
1440,2009-07-10 04:07:00,destino_contiene_valores_imputados
1440,2009-07-10 04:51:00,destino_contiene_valores_imputados
1440,2009-07-10 05:42:00,destino_contiene_valores_imputados
1440,2009-07-10 06:17:00,destino_contiene_valores_imputados
1440,2009-07-10 06:19:00,destino_contiene_valores_imputados
1440,2009-07-10 06:24:00,destino_contiene_valores_imputados
1440,2009-07-10 06:25:00,destino_contiene_valores_imputados
1440,2009-07-10 07:16:00,destino_contiene_valores_imputados
1440,2009-07-10 08:19:00,destino_contiene_valores_imputados
1440,2009-07-10 08:42:00,destino_contiene_valores_imputados
1440,2009-07-10 13:54:00,destino_contiene_valores_imputados
1440,2009-07-10 14:09:00,destino_contiene_valores_imputados
1440,2009-07-10 14:44:00,destino_contiene_valores_imputados
1440,2009-07-10 17:34:00,destino_contiene_valores_imputados
1440,2009-07-10 17:37:00,destino_contiene_valores_imputados
1440,2009-07-10 18:19:00,destino_contiene_valores_imputados
1440,2009-07-10 19:17:00,destino_contiene_valores_imputados
1440,2009-07-10 20:10:00,destino_contiene_valores_imputados
1440,2009-07-10 21:37:00,destino_contiene_valores_imputados
1440,2009-07-10 22:26:00,destino_contiene_valores_imputados
1440,2009-07-10 23:27:00,origen_DAILY_contiene_valores_imputados
1440,2009-07-10 23:32:00,origen_DAILY_contiene_valores_imputados
1440,2009-07-11 00:08:00,origen_DAILY_contiene_valores_imputados
1440,2009-07-11 00:09:00,origen_DAILY_contiene_valores_imputados
1440,2009-07-11 00:12:00,origen_DAILY_contiene_valores_imputados
1440,2009-07-11 01:23:00,origen_DAILY_contiene_valores_imputados
1440,2009-07-11 03:48:00,origen_DAILY_contiene_valores_imputados
1440,2009-07-11 04:42:00,origen_DAILY_contiene_valores_imputados
1440,2009-07-11 06:09:00,origen_DAILY_contiene_valores_imputados
1440,2009-07-11 08:12:00,origen_DAILY_contiene_valores_imputados
1440,2009-07-11 10:42:00,origen_DAILY_contiene_valores_imputados
1440,2009-07-11 13:45:00,origen_DAILY_contiene_valores_imputados
1440,2009-07-11 14:06:00,origen_DAILY_contiene_valores_imputados
1440,2009-07-11 14:37:00,origen_DAILY_contiene_valores_imputados
1440,2009-07-11 15:07:00,origen_DAILY_contiene_valores_imputados
1440,2009-07-11 17:03:00,origen_DAILY_contiene_valores_imputados
1440,2009-07-11 19:04:00,origen_DAILY_contiene_valores_imputados
1440,2009-07-11 20:10:00,origen_DAILY_contiene_valores_imputados
1440,2009-07-11 20:43:00,origen_DAILY_contiene_valores_imputados
1440,2009-07-11 21:19:00,origen_DAILY_contiene_valores_imputados
1440,2009-07-11 22:29:00,origen_DAILY_contiene_valores_imputados
1440,2009-07-16 22:51:00,origen_WEEKLY_contiene_valores_imputados
1440,2009-07-16 23:03:00,origen_WEEKLY_contiene_valores_imputados
1440,2009-07-17 01:14:00,origen_WEEKLY_contiene_valores_imputados
1440,2009-07-17 03:34:00,origen_WEEKLY_contiene_valores_imputados
1440,2009-07-17 05:31:00,origen_WEEKLY_contiene_valores_imputados
1440,2009-07-17 06:32:00,origen_WEEKLY_contiene_valores_imputados
1440,2009-07-17 07:46:00,origen_WEEKLY_contiene_valores_imputados
1440,2009-07-17 07:54:00,origen_WEEKLY_contiene_valores_imputados
1440,2009-07-17 08:48:00,origen_WEEKLY_contiene_valores_imputados
1440,2009-07-17 09:13:00,origen_WEEKLY_contiene_valores_imputados
1440,2009-07-17 12:21:00,origen_WEEKLY_contiene_valores_imputados
1440,2009-07-17 14:23:00,origen_WEEKLY_contiene_valores_imputados
1440,2009-07-17 14:36:00,origen_WEEKLY_contiene_valores_imputados
1440,2009-07-17 16:03:00,origen_WEEKLY_contiene_valores_imputados
1440,2009-07-17 16:59:00,origen_WEEKLY_contiene_valores_imputados
1440,2009-07-17 17:55:00,origen_WEEKLY_contiene_valores_imputados
1440,2009-07-17 17:57:00,origen_WEEKLY_contiene_valores_imputados
1440,2009-07-17 18:53:00,origen_WEEKLY_contiene_valores_imputados
1440,2009-07-17 19:01:00,origen_WEEKLY_contiene_valores_imputados
1440,2009-07-17 19:35:00,origen_WEEKLY_contiene_valores_imputados
1440,2009-07-17 22:26:00,origen_WEEKLY_contiene_valores_imputados
1440,2009-08-12 05:54:00,destino_contiene_valores_imputados
1440,2009-08-12 06:58:00,destino_contiene_valores_imputados
1440,2009-08-12 07:45:00,destino_contiene_valores_imputados
1440,2009-08-12 08:39:00,destino_contiene_valores_imputados
1440,2009-08-12 09:08:00,destino_contiene_valores_imputados
1440,2009-08-12 12:40:00,destino_contiene_valores_imputados
1440,2009-08-12 14:00:00,destino_contiene_valores_imputados
1440,2009-08-12 14:30:00,destino_contiene_valores_imputados
1440,2009-08-12 15:01:00,destino_contiene_valores_imputados
1440,2009-08-12 18:08:00,destino_contiene_valores_imputados
1440,2009-08-12 18:17:00,destino_contiene_valores_imputados
1440,2009-08-12 20:11:00,destino_contiene_valores_imputados
1440,2009-08-12 20:51:00,destino_contiene_valores_imputados
1440,2009-08-12 20:57:00,destino_contiene_valores_imputados
1440,2009-08-12 21:14:00,destino_contiene_valores_imputados
1440,2009-08-12 23:35:00,destino_contiene_valores_imputados
1440,2009-08-13 03:31:00,destino_contiene_valores_imputados
1440,2009-08-13 03:40:00,destino_contiene_valores_imputados
1440,2009-08-13 05:04:00,destino_contiene_valores_imputados
1440,2009-08-13 05:07:00,destino_contiene_valores_imputados
1440,2009-08-13 06:32:00,destino_contiene_valores_imputados
1440,2009-08-13 06:43:00,destino_contiene_valores_imputados
1440,2009-08-13 06:58:00,destino_contiene_valores_imputados
1440,2009-08-13 09:08:00,destino_contiene_valores_imputados
1440,2009-08-13 09:39:00,destino_contiene_valores_imputados
1440,2009-08-13 10:04:00,destino_contiene_valores_imputados
1440,2009-08-13 10:07:00,destino_contiene_valores_imputados
1440,2009-08-13 11:59:00,destino_contiene_valores_imputados
1440,2009-08-13 14:04:00,destino_contiene_valores_imputados
1440,2009-08-13 15:12:00,destino_contiene_valores_imputados
1440,2009-08-13 15:21:00,destino_contiene_valores_imputados
1440,2009-08-13 17:29:00,destino_contiene_valores_imputados
1440,2009-08-13 18:03:00,destino_contiene_valores_imputados
1440,2009-08-13 18:05:00,destino_contiene_valores_imputados
1440,2009-08-13 18:24:00,destino_contiene_valores_imputados
1440,2009-08-13 19:21:00,destino_contiene_valores_imputados
1440,2009-08-13 20:01:00,origen_DAILY_contiene_valores_imputados
1440,2009-08-13 20:29:00,origen_DAILY_contiene_valores_imputados
1440,2009-08-13 20:34:00,origen_DAILY_contiene_valores_imputados
1440,2009-08-14 03:19:00,origen_DAILY_contiene_valores_imputados
1440,2009-08-14 04:09:00,origen_DAILY_contiene_valores_imputados
1440,2009-08-14 04:45:00,origen_DAILY_contiene_valores_imputados
1440,2009-08-14 04:50:00,origen_DAILY_contiene_valores_imputados
1440,2009-08-14 06:03:00,origen_DAILY_contiene_valores_imputados
1440,2009-08-14 07:14:00,origen_DAILY_contiene_valores_imputados
1440,2009-08-14 08:20:00,origen_DAILY_contiene_valores_imputados
1440,2009-08-14 09:33:00,origen_DAILY_contiene_valores_imputados
1440,2009-08-14 10:08:00,origen_DAILY_contiene_valores_imputados
1440,2009-08-14 12:43:00,origen_DAILY_contiene_valores_imputados
1440,2009-08-14 13:41:00,origen_DAILY_contiene_valores_imputados
1440,2009-08-14 13:43:00,origen_DAILY_contiene_valores_imputados
1440,2009-08-14 14:21:00,origen_DAILY_contiene_valores_imputados
1440,2009-08-14 17:36:00,origen_DAILY_contiene_valores_imputados
1440,2009-08-14 19:50:00,origen_DAILY_contiene_valores_imputados
1440,2009-08-19 05:09:00,origen_WEEKLY_contiene_valores_imputados
1440,2009-08-19 05:26:00,origen_WEEKLY_contiene_valores_imputados
1440,2009-08-19 05:35:00,origen_WEEKLY_contiene_valores_imputados
1440,2009-08-19 05:38:00,origen_WEEKLY_contiene_valores_imputados
1440,2009-08-19 06:46:00,origen_WEEKLY_contiene_valores_imputados
1440,2009-08-19 07:08:00,origen_WEEKLY_contiene_valores_imputados
1440,2009-08-19 07:19:00,origen_WEEKLY_contiene_valores_imputados
1440,2009-08-19 07:42:00,origen_WEEKLY_contiene_valores_imputados
1440,2009-08-19 08:53:00,origen_WEEKLY_contiene_valores_imputados
1440,2009-08-19 09:06:00,origen_WEEKLY_contiene_valores_imputados
1440,2009-08-19 10:02:00,origen_WEEKLY_contiene_valores_imputados
1440,2009-08-19 10:16:00,origen_WEEKLY_contiene_valores_imputados
1440,2009-08-19 10:22:00,origen_WEEKLY_contiene_valores_imputados
1440,2009-08-19 11:21:00,origen_WEEKLY_contiene_valores_imputados
1440,2009-08-19 11:23:00,origen_WEEKLY_contiene_valores_imputados
1440,2009-08-19 12:17:00,origen_WEEKLY_contiene_valores_imputados
1440,2009-08-19 13:14:00,origen_WEEKLY_contiene_valores_imputados
1440,2009-08-19 14:22:00,origen_WEEKLY_contiene_valores_imputados
1440,2009-08-19 14:33:00,origen_WEEKLY_contiene_valores_imputados
1440,2009-08-19 15:41:00,origen_WEEKLY_contiene_valores_imputados
1440,2009-08-19 15:43:00,origen_WEEKLY_contiene_valores_imputados
1440,2009-08-19 17:34:00,origen_WEEKLY_contiene_valores_imputados
1440,2009-08-19 17:46:00,origen_WEEKLY_contiene_valores_imputados
1440,2009-08-19 17:49:00,origen_WEEKLY_contiene_valores_imputados
1440,2009-08-19 18:48:00,origen_WEEKLY_contiene_valores_imputados
1440,2009-08-19 20:14:00,origen_WEEKLY_contiene_valores_imputados
1440,2009-08-19 20:18:00,origen_WEEKLY_contiene_valores_imputados
1440,2009-08-19 22:04:00,origen_WEEKLY_contiene_valores_imputados
1440,2009-08-19 22:35:00,origen_WEEKLY_contiene_valores_imputados
1440,2009-08-19 22:40:00,origen_WEEKLY_contiene_valores_imputados
1440,2009-08-20 00:46:00,origen_WEEKLY_contiene_valores_imputados
1440,2009-08-20 02:51:00,origen_WEEKLY_contiene_valores_imputados
1440,2009-08-20 02:54:00,origen_WEEKLY_contiene_valores_imputados
1440,2009-08-20 03:16:00,origen_WEEKLY_contiene_valores_imputados
1440,2009-08-20 03:58:00,origen_WEEKLY_contiene_valores_imputados
1440,2009-08-20 04:34:00,origen_WEEKLY_contiene_valores_imputados
1440,2009-08-20 04:46:00,origen_WEEKLY_contiene_valores_imputados
1440,2009-08-20 05:18:00,origen_WEEKLY_contiene_valores_imputados
1440,2009-08-20 06:41:00,origen_WEEKLY_contiene_valores_imputados
1440,2009-08-20 07:15:00,origen_WEEKLY_contiene_valores_imputados
1440,2009-08-20 08:09:00,origen_WEEKLY_contiene_valores_imputados
1440,2009-08-20 09:19:00,origen_WEEKLY_contiene_valores_imputados
1440,2009-08-20 09:29:00,origen_WEEKLY_contiene_valores_imputados
1440,2009-08-20 10:38:00,origen_WEEKLY_contiene_valores_imputados
1440,2009-08-20 10:46:00,origen_WEEKLY_contiene_valores_imputados
1440,2009-08-20 12:13:00,origen_WEEKLY_contiene_valores_imputados
1440,2009-08-20 13:42:00,origen_WEEKLY_contiene_valores_imputados
1440,2009-08-20 13:51:00,origen_WEEKLY_contiene_valores_imputados
1440,2009-08-20 14:09:00,origen_WEEKLY_contiene_valores_imputados
1440,2009-08-20 14:19:00,origen_WEEKLY_contiene_valores_imputados
1440,2009-08-20 14:43:00,origen_WEEKLY_contiene_valores_imputados
1440,2009-08-20 17:38:00,origen_WEEKLY_contiene_valores_imputados
1440,2009-08-20 17:50:00,origen_WEEKLY_contiene_valores_imputados
1440,2009-08-20 18:08:00,origen_WEEKLY_contiene_valores_imputados
1440,2009-09-12 18:43:00,destino_contiene_valores_imputados
1440,2009-09-12 18:58:00,destino_contiene_valores_imputados
1440,2009-09-12 20:17:00,destino_contiene_valores_imputados
1440,2009-09-12 22:56:00,destino_contiene_valores_imputados
1440,2009-09-13 01:08:00,destino_contiene_valores_imputados
1440,2009-09-13 01:13:00,destino_contiene_valores_imputados
1440,2009-09-13 02:01:00,destino_contiene_valores_imputados
1440,2009-09-13 03:33:00,destino_contiene_valores_imputados
1440,2009-09-13 04:22:00,destino_contiene_valores_imputados
1440,2009-09-13 04:34:00,destino_contiene_valores_imputados
1440,2009-09-13 05:54:00,destino_contiene_valores_imputados
1440,2009-09-13 06:36:00,destino_contiene_valores_imputados
1440,2009-09-13 07:17:00,destino_contiene_valores_imputados
1440,2009-09-13 07:53:00,destino_contiene_valores_imputados
1440,2009-09-13 08:05:00,destino_contiene_valores_imputados
1440,2009-09-13 09:12:00,destino_contiene_valores_imputados
1440,2009-09-13 10:54:00,destino_contiene_valores_imputados
1440,2009-09-13 11:05:00,destino_contiene_valores_imputados
1440,2009-09-13 11:35:00,destino_contiene_valores_imputados
1440,2009-09-13 11:41:00,destino_contiene_valores_imputados
1440,2009-09-13 14:25:00,destino_contiene_valores_imputados
1440,2009-09-13 14:38:00,destino_contiene_valores_imputados
1440,2009-09-13 15:03:00,destino_contiene_valores_imputados
1440,2009-09-13 15:28:00,destino_contiene_valores_imputados
1440,2009-09-13 16:10:00,destino_contiene_valores_imputados
1440,2009-09-13 16:52:00,destino_contiene_valores_imputados
1440,2009-09-13 17:10:00,destino_contiene_valores_imputados
1440,2009-09-13 20:39:00,origen_DAILY_contiene_valores_imputados
1440,2009-09-13 20:44:00,origen_DAILY_contiene_valores_imputados
1440,2009-09-13 21:19:00,origen_DAILY_contiene_valores_imputados
1440,2009-09-13 21:38:00,origen_DAILY_contiene_valores_imputados
1440,2009-09-13 22:26:00,origen_DAILY_contiene_valores_imputados
1440,2009-09-14 03:08:00,origen_DAILY_contiene_valores_imputados
1440,2009-09-14 06:12:00,origen_DAILY_contiene_valores_imputados
1440,2009-09-14 07:13:00,origen_DAILY_contiene_valores_imputados
1440,2009-09-14 08:39:00,origen_DAILY_contiene_valores_imputados
1440,2009-09-14 12:35:00,origen_DAILY_contiene_valores_imputados
1440,2009-09-14 14:08:00,origen_DAILY_contiene_valores_imputados
1440,2009-09-14 14:56:00,origen_DAILY_contiene_valores_imputados
1440,2009-09-14 15:56:00,origen_DAILY_contiene_valores_imputados
1440,2009-09-14 17:03:00,origen_DAILY_contiene_valores_imputados
1440,2009-09-19 19:13:00,origen_WEEKLY_contiene_valores_imputados
1440,2009-09-19 19:32:00,origen_WEEKLY_contiene_valores_imputados
1440,2009-09-19 21:20:00,origen_WEEKLY_contiene_valores_imputados
1440,2009-09-19 21:27:00,origen_WEEKLY_contiene_valores_imputados
1440,2009-09-20 00:15:00,origen_WEEKLY_contiene_valores_imputados
1440,2009-09-20 01:44:00,origen_WEEKLY_contiene_valores_imputados
1440,2009-09-20 01:45:00,origen_WEEKLY_contiene_valores_imputados
1440,2009-09-20 02:43:00,origen_WEEKLY_contiene_valores_imputados
1440,2009-09-20 03:59:00,origen_WEEKLY_contiene_valores_imputados
1440,2009-09-20 04:42:00,origen_WEEKLY_contiene_valores_imputados
1440,2009-09-20 06:20:00,origen_WEEKLY_contiene_valores_imputados
1440,2009-09-20 06:47:00,origen_WEEKLY_contiene_valores_imputados
1440,2009-09-20 07:38:00,origen_WEEKLY_contiene_valores_imputados
1440,2009-09-20 09:30:00,origen_WEEKLY_contiene_valores_imputados
1440,2009-09-20 09:48:00,origen_WEEKLY_contiene_valores_imputados
1440,2009-09-20 10:12:00,origen_WEEKLY_contiene_valores_imputados
1440,2009-09-20 10:15:00,origen_WEEKLY_contiene_valores_imputados
1440,2009-09-20 10:47:00,origen_WEEKLY_contiene_valores_imputados
1440,2009-09-20 12:00:00,origen_WEEKLY_contiene_valores_imputados
1440,2009-09-20 16:26:00,origen_WEEKLY_contiene_valores_imputados
1440,2009-09-20 16:49:00,origen_WEEKLY_contiene_valores_imputados
1440,2009-09-20 17:42:00,origen_WEEKLY_contiene_valores_imputados
1440,2009-09-29 12:01:00,destino_contiene_valores_imputados
1440,2009-09-29 12:23:00,destino_contiene_valores_imputados
1440,2009-09-29 12:58:00,destino_contiene_valores_imputados
1440,2009-09-29 13:46:00,destino_contiene_valores_imputados
1440,2009-09-29 14:33:00,destino_contiene_valores_imputados
1440,2009-09-29 15:10:00,destino_contiene_valores_imputados
1440,2009-09-29 15:14:00,destino_contiene_valores_imputados
1440,2009-09-29 17:41:00,destino_contiene_valores_imputados
1440,2009-09-29 18:23:00,destino_contiene_valores_imputados
1440,2009-09-29 19:34:00,destino_contiene_valores_imputados
1440,2009-09-29 20:02:00,destino_contiene_valores_imputados
1440,2009-09-29 22:25:00,destino_contiene_valores_imputados
1440,2009-09-29 23:02:00,destino_contiene_valores_imputados
1440,2009-09-29 23:24:00,destino_contiene_valores_imputados
1440,2009-09-30 00:06:00,destino_contiene_valores_imputados
1440,2009-09-30 01:33:00,destino_contiene_valores_imputados
1440,2009-09-30 01:36:00,destino_contiene_valores_imputados
1440,2009-09-30 04:34:00,destino_contiene_valores_imputados
1440,2009-09-30 04:48:00,destino_contiene_valores_imputados
1440,2009-09-30 05:06:00,destino_contiene_valores_imputados
1440,2009-09-30 05:40:00,destino_contiene_valores_imputados
1440,2009-09-30 06:25:00,destino_contiene_valores_imputados
1440,2009-09-30 06:38:00,destino_contiene_valores_imputados
1440,2009-09-30 06:49:00,destino_contiene_valores_imputados
1440,2009-09-30 07:05:00,destino_contiene_valores_imputados
1440,2009-09-30 09:21:00,origen_DAILY_contiene_valores_imputados
1440,2009-09-30 09:35:00,origen_DAILY_contiene_valores_imputados
1440,2009-09-30 13:48:00,origen_DAILY_contiene_valores_imputados
1440,2009-09-30 13:49:00,origen_DAILY_contiene_valores_imputados
1440,2009-09-30 14:47:00,origen_DAILY_contiene_valores_imputados
1440,2009-09-30 15:21:00,origen_DAILY_contiene_valores_imputados
1440,2009-09-30 15:53:00,origen_DAILY_contiene_valores_imputados
1440,2009-09-30 15:59:00,origen_DAILY_contiene_valores_imputados
1440,2009-09-30 20:02:00,origen_DAILY_contiene_valores_imputados
1440,2009-09-30 20:10:00,origen_DAILY_contiene_valores_imputados
1440,2009-09-30 22:59:00,origen_DAILY_contiene_valores_imputados
1440,2009-09-30 23:55:00,origen_DAILY_contiene_valores_imputados
1440,2009-10-01 01:01:00,origen_DAILY_contiene_valores_imputados
1440,2009-10-01 01:09:00,origen_DAILY_contiene_valores_imputados
1440,2009-10-01 01:18:00,origen_DAILY_contiene_valores_imputados
1440,2009-10-01 03:23:00,origen_DAILY_contiene_valores_imputados
1440,2009-10-01 03:25:00,origen_DAILY_contiene_valores_imputados
1440,2009-10-01 03:35:00,origen_DAILY_contiene_valores_imputados
1440,2009-10-01 03:53:00,origen_DAILY_contiene_valores_imputados
1440,2009-10-01 03:54:00,origen_DAILY_contiene_valores_imputados
1440,2009-10-01 04:58:00,origen_DAILY_contiene_valores_imputados
1440,2009-10-01 05:09:00,origen_DAILY_contiene_valores_imputados
1440,2009-10-01 05:15:00,origen_DAILY_contiene_valores_imputados
1440,2009-10-01 05:17:00,origen_DAILY_contiene_valores_imputados
1440,2009-10-01 07:08:00,origen_DAILY_contiene_valores_imputados
1440,2009-10-01 08:27:00,origen_DAILY_contiene_valores_imputados
1440,2009-10-06 08:51:00,origen_WEEKLY_contiene_valores_imputados
1440,2009-10-06 08:57:00,origen_WEEKLY_contiene_valores_imputados
1440,2009-10-06 09:10:00,origen_WEEKLY_contiene_valores_imputados
1440,2009-10-06 11:21:00,origen_WEEKLY_contiene_valores_imputados
1440,2009-10-06 11:35:00,origen_WEEKLY_contiene_valores_imputados
1440,2009-10-06 12:15:00,origen_WEEKLY_contiene_valores_imputados
1440,2009-10-06 12:43:00,origen_WEEKLY_contiene_valores_imputados
1440,2009-10-06 16:07:00,origen_WEEKLY_contiene_valores_imputados
1440,2009-10-06 16:31:00,origen_WEEKLY_contiene_valores_imputados
1440,2009-10-06 17:14:00,origen_WEEKLY_contiene_valores_imputados
1440,2009-10-06 20:36:00,origen_WEEKLY_contiene_valores_imputados
1440,2009-10-06 21:43:00,origen_WEEKLY_contiene_valores_imputados
1440,2009-10-06 23:31:00,origen_WEEKLY_contiene_valores_imputados
1440,2009-10-07 00:37:00,origen_WEEKLY_contiene_valores_imputados
1440,2009-10-07 00:46:00,origen_WEEKLY_contiene_valores_imputados
1440,2009-10-07 00:56:00,origen_WEEKLY_contiene_valores_imputados
1440,2009-10-07 01:05:00,origen_WEEKLY_contiene_valores_imputados
1440,2009-10-07 02:04:00,origen_WEEKLY_contiene_valores_imputados
1440,2009-10-07 02:16:00,origen_WEEKLY_contiene_valores_imputados
1440,2009-10-07 02:55:00,origen_WEEKLY_contiene_valores_imputados
1440,2009-10-07 03:44:00,origen_WEEKLY_contiene_valores_imputados
1440,2009-10-07 04:45:00,origen_WEEKLY_contiene_valores_imputados
1440,2009-10-07 04:58:00,origen_WEEKLY_contiene_valores_imputados
1440,2009-10-07 05:07:00,origen_WEEKLY_contiene_valores_imputados
1440,2009-10-07 05:19:00,origen_WEEKLY_contiene_valores_imputados
1440,2009-10-07 05:49:00,origen_WEEKLY_contiene_valores_imputados
1440,2009-10-07 05:53:00,origen_WEEKLY_contiene_valores_imputados
1440,2009-10-07 07:23:00,origen_WEEKLY_contiene_valores_imputados
1440,2009-10-07 08:11:00,origen_WEEKLY_contiene_valores_imputados
1440,2009-10-07 08:16:00,origen_WEEKLY_contiene_valores_imputados
1440,2009-10-07 08:22:00,origen_WEEKLY_contiene_valores_imputados
1440,2009-10-10 17:59:00,destino_contiene_valores_imputados
1440,2009-10-10 18:09:00,destino_contiene_valores_imputados
1440,2009-10-10 19:41:00,destino_contiene_valores_imputados
1440,2009-10-10 21:19:00,destino_contiene_valores_imputados
1440,2009-10-10 22:25:00,destino_contiene_valores_imputados
1440,2009-10-10 22:26:00,destino_contiene_valores_imputados
1440,2009-10-10 22:29:00,destino_contiene_valores_imputados
1440,2009-10-10 22:30:00,destino_contiene_valores_imputados
1440,2009-10-10 22:37:00,destino_contiene_valores_imputados
1440,2009-10-10 22:51:00,destino_contiene_valores_imputados
1440,2009-10-11 00:02:00,destino_contiene_valores_imputados
1440,2009-10-11 00:22:00,destino_contiene_valores_imputados
1440,2009-10-11 02:00:00,destino_contiene_valores_imputados
1440,2009-10-11 05:24:00,destino_contiene_valores_imputados
1440,2009-10-11 06:05:00,destino_contiene_valores_imputados
1440,2009-10-11 06:27:00,destino_contiene_valores_imputados
1440,2009-10-11 06:30:00,destino_contiene_valores_imputados
1440,2009-10-11 08:18:00,destino_contiene_valores_imputados
1440,2009-10-11 11:31:00,destino_contiene_valores_imputados
1440,2009-10-11 11:59:00,destino_contiene_valores_imputados
1440,2009-10-11 12:56:00,destino_contiene_valores_imputados
1440,2009-10-11 14:21:00,destino_contiene_valores_imputados
1440,2009-10-11 14:46:00,destino_contiene_valores_imputados
1440,2009-10-11 15:00:00,destino_contiene_valores_imputados
1440,2009-10-11 18:10:00,origen_DAILY_contiene_valores_imputados
1440,2009-10-11 18:46:00,origen_DAILY_contiene_valores_imputados
1440,2009-10-11 19:04:00,origen_DAILY_contiene_valores_imputados
1440,2009-10-11 19:47:00,origen_DAILY_contiene_valores_imputados
1440,2009-10-11 20:39:00,origen_DAILY_contiene_valores_imputados
1440,2009-10-12 00:59:00,origen_DAILY_contiene_valores_imputados
1440,2009-10-12 03:43:00,origen_DAILY_contiene_valores_imputados
1440,2009-10-12 04:23:00,origen_DAILY_contiene_valores_imputados
1440,2009-10-12 05:08:00,origen_DAILY_contiene_valores_imputados
1440,2009-10-12 06:01:00,origen_DAILY_contiene_valores_imputados
1440,2009-10-12 06:58:00,origen_DAILY_contiene_valores_imputados
1440,2009-10-12 13:02:00,origen_DAILY_contiene_valores_imputados
1440,2009-10-12 13:30:00,origen_DAILY_contiene_valores_imputados
1440,2009-10-12 14:00:00,origen_DAILY_contiene_valores_imputados
1440,2009-10-12 15:33:00,origen_DAILY_contiene_valores_imputados
1440,2009-10-12 15:46:00,origen_DAILY_contiene_valores_imputados
1440,2009-10-17 19:24:00,origen_WEEKLY_contiene_valores_imputados
1440,2009-10-17 20:51:00,origen_WEEKLY_contiene_valores_imputados
1440,2009-10-17 21:14:00,origen_WEEKLY_contiene_valores_imputados
1440,2009-10-17 21:28:00,origen_WEEKLY_contiene_valores_imputados
1440,2009-10-18 00:42:00,origen_WEEKLY_contiene_valores_imputados
1440,2009-10-18 01:18:00,origen_WEEKLY_contiene_valores_imputados
1440,2009-10-18 01:23:00,origen_WEEKLY_contiene_valores_imputados
1440,2009-10-18 01:55:00,origen_WEEKLY_contiene_valores_imputados
1440,2009-10-18 02:00:00,origen_WEEKLY_contiene_valores_imputados
1440,2009-10-18 05:02:00,origen_WEEKLY_contiene_valores_imputados
1440,2009-10-18 05:07:00,origen_WEEKLY_contiene_valores_imputados
1440,2009-10-18 05:37:00,origen_WEEKLY_contiene_valores_imputados
1440,2009-10-18 05:44:00,origen_WEEKLY_contiene_valores_imputados
1440,2009-10-18 06:52:00,origen_WEEKLY_contiene_valores_imputados
1440,2009-10-18 08:26:00,origen_WEEKLY_contiene_valores_imputados
1440,2009-10-18 09:25:00,origen_WEEKLY_contiene_valores_imputados
1440,2009-10-18 10:52:00,origen_WEEKLY_contiene_valores_imputados
1440,2009-10-18 11:31:00,origen_WEEKLY_contiene_valores_imputados
1440,2009-10-18 12:29:00,origen_WEEKLY_contiene_valores_imputados
1440,2009-10-18 15:32:00,origen_WEEKLY_contiene_valores_imputados
1440,2009-10-18 15:51:00,origen_WEEKLY_contiene_valores_imputados
1440,2009-10-18 16:41:00,origen_WEEKLY_contiene_valores_imputados
1440,2009-10-18 17:02:00,origen_WEEKLY_contiene_valores_imputados
1440,2009-11-08 20:57:00,destino_contiene_valores_imputados
1440,2009-11-08 21:23:00,destino_contiene_valores_imputados
1440,2009-11-08 22:02:00,destino_contiene_valores_imputados
1440,2009-11-08 22:47:00,destino_contiene_valores_imputados
1440,2009-11-09 00:07:00,destino_contiene_valores_imputados
1440,2009-11-09 03:24:00,destino_contiene_valores_imputados
1440,2009-11-09 03:32:00,destino_contiene_valores_imputados
1440,2009-11-09 04:45:00,destino_contiene_valores_imputados
1440,2009-11-09 05:15:00,destino_contiene_valores_imputados
1440,2009-11-09 07:18:00,destino_contiene_valores_imputados
1440,2009-11-09 08:09:00,destino_contiene_valores_imputados
1440,2009-11-09 08:25:00,destino_contiene_valores_imputados
1440,2009-11-09 09:23:00,destino_contiene_valores_imputados
1440,2009-11-09 10:19:00,destino_contiene_valores_imputados
1440,2009-11-09 10:58:00,destino_contiene_valores_imputados
1440,2009-11-09 12:15:00,destino_contiene_valores_imputados
1440,2009-11-09 13:14:00,destino_contiene_valores_imputados
1440,2009-11-09 14:10:00,destino_contiene_valores_imputados
1440,2009-11-09 14:41:00,destino_contiene_valores_imputados
1440,2009-11-09 16:16:00,destino_contiene_valores_imputados
1440,2009-11-09 17:18:00,destino_contiene_valores_imputados
1440,2009-11-09 18:23:00,destino_contiene_valores_imputados
1440,2009-11-09 18:24:00,destino_contiene_valores_imputados
1440,2009-11-09 18:26:00,destino_contiene_valores_imputados
1440,2009-11-09 18:46:00,destino_contiene_valores_imputados
1440,2009-11-09 20:35:00,destino_contiene_valores_imputados
1440,2009-11-09 22:27:00,origen_DAILY_contiene_valores_imputados
1440,2009-11-09 23:33:00,origen_DAILY_contiene_valores_imputados
1440,2009-11-10 01:49:00,origen_DAILY_contiene_valores_imputados
1440,2009-11-10 03:38:00,origen_DAILY_contiene_valores_imputados
1440,2009-11-10 04:14:00,origen_DAILY_contiene_valores_imputados
1440,2009-11-10 05:58:00,origen_DAILY_contiene_valores_imputados
1440,2009-11-10 06:59:00,origen_DAILY_contiene_valores_imputados
1440,2009-11-10 11:28:00,origen_DAILY_contiene_valores_imputados
1440,2009-11-10 11:30:00,origen_DAILY_contiene_valores_imputados
1440,2009-11-10 12:27:00,origen_DAILY_contiene_valores_imputados
1440,2009-11-10 13:42:00,origen_DAILY_contiene_valores_imputados
1440,2009-11-10 13:49:00,origen_DAILY_contiene_valores_imputados
1440,2009-11-10 17:25:00,origen_DAILY_contiene_valores_imputados
1440,2009-11-10 19:16:00,origen_DAILY_contiene_valores_imputados
1440,2009-11-15 21:01:00,origen_WEEKLY_contiene_valores_imputados
1440,2009-11-15 22:07:00,origen_WEEKLY_contiene_valores_imputados
1440,2009-11-15 23:07:00,origen_WEEKLY_contiene_valores_imputados
1440,2009-11-15 23:26:00,origen_WEEKLY_contiene_valores_imputados
1440,2009-11-15 23:44:00,origen_WEEKLY_contiene_valores_imputados
1440,2009-11-16 00:47:00,origen_WEEKLY_contiene_valores_imputados
1440,2009-11-16 05:21:00,origen_WEEKLY_contiene_valores_imputados
1440,2009-11-16 05:39:00,origen_WEEKLY_contiene_valores_imputados
1440,2009-11-16 06:25:00,origen_WEEKLY_contiene_valores_imputados
1440,2009-11-16 07:13:00,origen_WEEKLY_contiene_valores_imputados
1440,2009-11-16 07:59:00,origen_WEEKLY_contiene_valores_imputados
1440,2009-11-16 08:08:00,origen_WEEKLY_contiene_valores_imputados
1440,2009-11-16 10:21:00,origen_WEEKLY_contiene_valores_imputados
1440,2009-11-16 10:24:00,origen_WEEKLY_contiene_valores_imputados
1440,2009-11-16 10:34:00,origen_WEEKLY_contiene_valores_imputados
1440,2009-11-16 10:42:00,origen_WEEKLY_contiene_valores_imputados
1440,2009-11-16 11:58:00,origen_WEEKLY_contiene_valores_imputados
1440,2009-11-16 12:48:00,origen_WEEKLY_contiene_valores_imputados
1440,2009-11-16 16:03:00,origen_WEEKLY_contiene_valores_imputados
1440,2009-11-16 18:49:00,origen_WEEKLY_contiene_valores_imputados
1440,2009-12-09 09:40:00,destino_contiene_valores_imputados
1440,2009-12-09 09:46:00,destino_contiene_valores_imputados
1440,2009-12-09 10:02:00,destino_contiene_valores_imputados
1440,2009-12-09 10:32:00,destino_contiene_valores_imputados
1440,2009-12-09 10:42:00,destino_contiene_valores_imputados
1440,2009-12-09 11:46:00,destino_contiene_valores_imputados
1440,2009-12-09 11:47:00,destino_contiene_valores_imputados
1440,2009-12-09 14:33:00,destino_contiene_valores_imputados
1440,2009-12-09 15:02:00,destino_contiene_valores_imputados
1440,2009-12-09 15:53:00,destino_contiene_valores_imputados
1440,2009-12-09 15:58:00,destino_contiene_valores_imputados
1440,2009-12-09 16:31:00,destino_contiene_valores_imputados
1440,2009-12-09 18:36:00,destino_contiene_valores_imputados
1440,2009-12-09 18:59:00,destino_contiene_valores_imputados
1440,2009-12-09 19:11:00,destino_contiene_valores_imputados
1440,2009-12-09 19:54:00,destino_contiene_valores_imputados
1440,2009-12-09 22:18:00,destino_contiene_valores_imputados
1440,2009-12-09 22:52:00,destino_contiene_valores_imputados
1440,2009-12-09 23:22:00,destino_contiene_valores_imputados
1440,2009-12-09 23:53:00,destino_contiene_valores_imputados
1440,2009-12-10 02:02:00,destino_contiene_valores_imputados
1440,2009-12-10 02:53:00,destino_contiene_valores_imputados
1440,2009-12-10 06:11:00,destino_contiene_valores_imputados
1440,2009-12-10 08:01:00,destino_contiene_valores_imputados
1440,2009-12-10 09:49:00,origen_DAILY_contiene_valores_imputados
1440,2009-12-10 10:00:00,origen_DAILY_contiene_valores_imputados
1440,2009-12-10 12:05:00,origen_DAILY_contiene_valores_imputados
1440,2009-12-10 12:19:00,origen_DAILY_contiene_valores_imputados
1440,2009-12-10 13:58:00,origen_DAILY_contiene_valores_imputados
1440,2009-12-10 14:15:00,origen_DAILY_contiene_valores_imputados
1440,2009-12-10 15:07:00,origen_DAILY_contiene_valores_imputados
1440,2009-12-10 15:28:00,origen_DAILY_contiene_valores_imputados
1440,2009-12-10 15:53:00,origen_DAILY_contiene_valores_imputados
1440,2009-12-10 16:04:00,origen_DAILY_contiene_valores_imputados
1440,2009-12-10 17:38:00,origen_DAILY_contiene_valores_imputados
1440,2009-12-10 19:24:00,origen_DAILY_contiene_valores_imputados
1440,2009-12-10 19:58:00,origen_DAILY_contiene_valores_imputados
1440,2009-12-10 20:32:00,origen_DAILY_contiene_valores_imputados
1440,2009-12-10 21:18:00,origen_DAILY_contiene_valores_imputados
1440,2009-12-11 00:18:00,origen_DAILY_contiene_valores_imputados
1440,2009-12-11 01:42:00,origen_DAILY_contiene_valores_imputados
1440,2009-12-11 03:42:00,origen_DAILY_contiene_valores_imputados
1440,2009-12-11 04:17:00,origen_DAILY_contiene_valores_imputados
1440,2009-12-11 04:40:00,origen_DAILY_contiene_valores_imputados
1440,2009-12-11 05:32:00,origen_DAILY_contiene_valores_imputados
1440,2009-12-11 05:46:00,origen_DAILY_contiene_valores_imputados
1440,2009-12-11 07:05:00,origen_DAILY_contiene_valores_imputados
1440,2009-12-11 07:36:00,origen_DAILY_contiene_valores_imputados
